ate,Cidade,tosse,febre,tosse seca,febre alta,falta de ar,lat,long
24/mar,Pedro de Toledo,0,100,0,0,0,-24.1702,-47.17239
24/mar,Santa Rosa de Viterbo,38,62,0,0,0,5.88515,-73.01344
24/mar,Itápolis,34,66,0,0,0,-21.59556,-48.81278
24/mar,São Bento do Sapucaí,0,100,0,0,0,-22.67091,-45.68394
24/mar,Itariri,0,100,0,0,0,-24.2888,-47.13325
24/mar,Cajuru,37,63,0,0,0,-21.27528,-47.30417
24/mar,Conchas,57,43,0,0,0,-23.01528,-48.01056
24/mar,Ipaussu,0,100,0,0,0,-23.05667,-49.62639
24/mar,Morungaba,0,100,0,0,0,-22.88318,-46.78699
24/mar,Salesópolis,0,100,0,0,0,-23.58753,-45.84743
24/mar,Cajati,46,54,0,0,0,-24.73611,-48.12278
24/mar,Santa Cruz das Palmeiras,42,58,0,0,0,-21.82694,-47.24861
24/mar,Mococa,34,53,0,0,13,-21.46778,-47.00472
24/mar,Pirapora do Bom Jesus,49,51,0,0,0,-23.37201,-46.97798
24/mar,Barrinha,45,55,0,0,0,-21.19361,-48.16389
24/mar,Lucélia,0,100,0,0,0,-21.72028,-51.01889
24/mar,Elias Fausto,43,57,0,0,0,-23.04278,-47.37389
24/mar,Divinolândia,42,58,0,0,0,-21.66459,-46.7045
24/mar,Lorena,34,48,7,0,11,48.76667,6.13333
24/mar,Santo Antônio do Pinhal,0,100,0,0,0,-22.82143,-45.69968
24/mar,Itapevi,40,34,9,0,17,-23.54889,-46.93417
24/mar,Registro,36,45,8,0,11,-24.4875,-47.84361
24/mar,Lindóia,56,44,0,0,0,-22.5125,-46.65352
24/mar,Laranjal Paulista,43,57,0,0,0,-23.04972,-47.83667
24/mar,Guararema,56,44,0,0,0,-23.43419,-46.06086
24/mar,Tambaú,44,56,0,0,0,-21.58688,-47.22761
24/mar,Jambeiro,0,100,0,0,0,-23.28154,-45.71217
24/mar,Pindorama,51,49,0,0,0,-21.20688,-48.91109
24/mar,Mineiros do Tietê,0,100,0,0,0,-22.4486,-48.44074
24/mar,São Paulo,36,41,8,1,14,-23.5475,-46.63611
24/mar,Américo Brasiliense,60,40,0,0,0,-21.72444,-48.10167
24/mar,São Pedro,42,58,0,0,0,-22.83917,-42.10278
24/mar,Charqueada,54,46,0,0,0,-22.53724,-47.7377
24/mar,Itapeva,54,46,0,0,0,-23.94696,-48.83835
24/mar,Chavantes,0,100,0,0,0,-23.0346,-49.72321
24/mar,Santa Gertrudes,52,48,0,0,0,-22.45667,-47.53028
24/mar,Estiva Gerbi,0,100,0,0,0,-22.22052,-46.93878
24/mar,Ouroeste,0,100,0,0,0,-19.9376,-50.41455
24/mar,Cubatão,34,42,9,0,15,-23.895,-46.42528
24/mar,Brodowski,46,54,0,0,0,-21.0506,-47.61728
24/mar,Monte Mor,39,46,0,0,15,-22.94667,-47.31583
24/mar,Itaquaquecetuba,38,39,8,0,15,-23.48611,-46.34833
24/mar,Juquitiba,50,50,0,0,0,-23.93167,-47.06833
24/mar,Embu das Artes,37,37,9,0,17,-23.64889,-46.85222
24/mar,Ilhabela,38,46,0,0,16,-23.8484,-45.32321
24/mar,Bastos,43,57,0,0,0,-21.92194,-50.73389
24/mar,Capela do Alto,55,45,0,0,0,-23.47056,-47.73472
24/mar,Tarumã,49,51,0,0,0,-22.76111,-50.60332
24/mar,Mairiporã,39,47,0,0,14,-23.31861,-46.58667
24/mar,Embu-Guaçu,38,34,10,0,18,-23.83222,-46.81139
24/mar,Serra Negra,45,55,0,0,0,-22.60767,-46.70322
24/mar,Piraju,61,39,0,0,0,-23.19361,-49.38389
24/mar,Mauá,35,41,8,1,15,-23.66778,-46.46139
24/mar,Santa Isabel,37,45,0,0,18,17.99663,-66.38711
24/mar,Itapecerica da Serra,34,41,7,0,18,-23.71694,-46.84917
24/mar,Francisco Morato,34,43,7,0,16,-23.28167,-46.74528
24/mar,Poá,36,38,8,0,18,-23.52806,-46.34472
24/mar,Caieiras,36,41,9,0,14,-23.38134,-46.73815
24/mar,Guaratinguetá,35,43,9,0,13,-22.81639,-45.1925
24/mar,Mongaguá,34,39,9,0,18,-24.05741,-46.66836
24/mar,Santo André,34,41,8,1,16,-23.66389,-46.53833
24/mar,Cajamar,37,40,10,0,13,-23.35193,-46.88129
24/mar,Ourinhos,38,43,9,0,10,-22.97889,-49.87056
24/mar,Suzano,36,39,8,0,17,-23.5425,-46.31083
24/mar,São Vicente,36,41,8,1,14,16.89014,-24.98042
24/mar,Pilar do Sul,48,52,0,0,0,-23.81306,-47.71639
24/mar,Capivari,38,41,10,0,11,-22.995,-47.50778
24/mar,Serrana,50,50,0,0,0,-21.21139,-47.59556
24/mar,Capão Bonito,56,44,0,0,0,-24.00583,-48.34944
24/mar,Várzea Paulista,36,39,9,0,16,-23.21139,-46.82833
24/mar,Jarinu,39,48,0,0,13,-23.10139,-46.72833
24/mar,Ituverava,46,54,0,0,0,-20.30007,-47.82592
24/mar,Osasco,34,40,9,1,16,-23.5325,-46.79167
24/mar,Aparecida,45,55,0,0,0,-22.84694,-45.22972
24/mar,Lins,36,43,10,0,11,48.30639,14.28611
24/mar,Porto Feliz,40,44,0,0,16,-23.21472,-47.52389
24/mar,Santana de Parnaíba,34,42,9,0,15,-23.44417,-46.91778
24/mar,Ibitinga,43,42,0,0,15,-21.75778,-48.82889
24/mar,Itapira,39,48,0,0,13,-22.43611,-46.82167
24/mar,Carapicuíba,36,39,9,0,16,-23.52272,-46.835
24/mar,São Simão,51,49,0,0,0,-21.47917,-47.55083
24/mar,São Caetano do Sul,34,43,8,0,15,-23.62306,-46.55111
24/mar,Barueri,36,40,8,1,15,-23.51056,-46.87611
24/mar,Cotia,36,39,9,0,16,-23.60389,-46.91917
24/mar,Cunha,72,28,0,0,0,-37.11284,-12.28343
24/mar,Pedreira,37,44,0,0,19,-22.75077,-46.89089
24/mar,Vera Cruz,0,100,0,0,0,-8.55861,125.57361
24/mar,Brotas,48,52,0,0,0,-22.28417,-48.12667
24/mar,Mairinque,52,48,0,0,0,-23.54583,-47.18333
24/mar,Franco da Rocha,34,41,10,0,15,-23.32167,-46.72694
24/mar,Salto de Pirapora,43,36,0,0,21,-23.64889,-47.57333
24/mar,Pradópolis,0,100,0,0,0,-21.35944,-48.06556
24/mar,Bernardino de Campos,0,100,0,0,0,-23.02698,-49.49277
24/mar,Santa Fé do Sul,56,44,0,0,0,-20.21111,-50.92583
24/mar,Itararé,53,47,0,0,0,-24.1125,-49.33167
24/mar,Novo Horizonte,50,50,0,0,0,-21.46806,-49.22083
24/mar,Tabapuã,0,100,0,0,0,-20.92377,-49.02475
24/mar,Sumaré,35,42,7,0,16,-22.82194,-47.26694
24/mar,Osvaldo Cruz,50,50,0,0,0,-21.79667,-50.87861
24/mar,Palmares Paulista,0,100,0,0,0,-21.10148,-48.82032
24/mar,Rancharia,64,36,0,0,0,-22.22917,-50.89306
24/mar,Biritiba-Mirim,48,52,0,0,0,-23.5725,-46.03861
24/mar,Bebedouro,42,36,9,0,13,-20.94944,-48.47917
24/mar,Bragança Paulista,35,41,9,0,15,-22.9527,-46.54418
24/mar,Cosmópolis,45,40,0,0,15,-22.64583,-47.19611
24/mar,Itirapina,54,46,0,0,0,-22.25278,-47.82278
24/mar,Vargem Grande Paulista,42,42,0,0,16,-23.62856,-47.01914
24/mar,Alumínio,53,47,0,0,0,-23.52259,-47.28373
24/mar,Itajobi,0,100,0,0,0,-21.35516,-49.0569
24/mar,Araçoiaba da Serra,48,52,0,0,0,-23.50528,-47.61417
24/mar,Praia Grande,34,41,8,2,15,-24.00583,-46.40278
24/mar,Buri,49,51,0,0,0,13.3622,100.98345
24/mar,Ubatuba,38,36,9,0,17,-23.43389,-45.07111
24/mar,Rio Grande da Serra,51,49,0,0,0,-23.73345,-46.37351
24/mar,Guarujá,37,38,9,1,15,-23.99306,-46.25639
24/mar,Itupeva,36,40,8,0,16,-23.15306,-47.05778
24/mar,São Roque,39,37,7,0,17,32.66568,-16.92547
24/mar,Mogi das Cruzes,36,39,9,1,15,-23.52278,-46.18833
24/mar,Palmeira D'Oeste,0,100,0,0,0,-20.45046,-50.75181
24/mar,Arujá,37,37,9,0,17,-23.39611,-46.32083
24/mar,Ibiúna,45,39,0,0,16,-23.83577,-47.21076
24/mar,Ibaté,54,46,0,0,0,-21.95472,-47.99667
24/mar,Regente Feijó,60,40,0,0,0,-22.22139,-51.30278
24/mar,Lençóis Paulista,40,37,9,0,14,-22.59861,-48.80028
24/mar,Morro Agudo,49,51,0,0,0,-20.73139,-48.05778
24/mar,Taquarituba,56,44,0,0,0,-23.52998,-49.21441
24/mar,Colina,49,51,0,0,0,22.18306,113.53194
24/mar,Pitangueiras,52,48,0,0,0,-21.00944,-48.22167
24/mar,Avaré,40,38,9,0,13,-23.09861,-48.92583
24/mar,Cerquilho,41,45,0,0,14,-23.165,-47.74361
24/mar,Votorantim,38,36,11,0,15,-23.54667,-47.43778
24/mar,Santa Cruz do Rio Pardo,49,51,0,0,0,-22.89889,-49.6325
24/mar,Salto,37,37,9,0,17,-31.38333,-57.96667
24/mar,Ilha Solteira,52,48,0,0,0,-20.35123,-51.15423
24/mar,São Sebastião,38,38,9,0,15,-23.76,-45.40972
24/mar,Casa Branca,51,49,0,0,0,-21.81396,-47.08264
24/mar,Tatuí,37,36,11,0,16,-23.35556,-47.85694
24/mar,Itanhaém,38,36,8,0,18,-24.18306,-46.78889
24/mar,Louveira,42,42,0,0,16,-23.08252,-46.93308
24/mar,Itapetininga,36,38,11,0,15,-23.59167,-48.05306
24/mar,Porto Ferreira,42,45,0,0,13,-21.85389,-47.47917
24/mar,Aguaí,51,49,0,0,0,-22.0259,-47.06702
24/mar,Boituva,39,41,0,0,20,-23.31012,-47.68519
24/mar,Pereira Barreto,53,47,0,0,0,-20.63833,-51.10917
24/mar,Indaiatuba,39,40,8,0,13,-23.08842,-47.2119
24/mar,São Manuel,50,50,0,0,0,-22.73111,-48.57056
24/mar,Batatais,43,44,0,0,13,-20.83515,-47.56742
24/mar,Piedade,51,49,0,0,0,-23.80789,-47.43506
24/mar,Paranapanema,56,44,0,0,0,-23.48856,-48.75931
24/mar,Leme,38,36,9,0,17,-22.18556,-47.39028
24/mar,Rafard,0,0,0,0,0,-23.03281,-47.58676
24/mar,Fernão,0,0,0,0,0,-14.56257,40.68538
24/mar,Iaras,0,0,0,0,0,-22.83679,-49.10928
24/mar,Avanhandava,0,0,0,0,0,-21.46596,-49.94791
24/mar,Guapiara,0,0,0,0,0,-24.21726,-48.54523
24/mar,Joanópolis,0,0,0,0,0,-22.93028,-46.27556
24/mar,Tejupá,0,0,0,0,0,-23.35231,-49.30721
24/mar,Analândia,0,0,0,0,0,-22.12002,-47.68938
24/mar,Cristais Paulista,0,0,0,0,0,-20.36538,-47.373
24/mar,Torre de Pedra,0,0,0,0,0,-23.2464,-48.21328
24/mar,Vicentópolis,0,0,0,0,0,-20.91667,-50.33333
24/mar,Inúbia Paulista,0,0,0,0,0,-21.72002,-50.94738
24/mar,São Luís do Paraitinga,0,0,0,0,0,-23.22167,-45.31
24/mar,Pereiras,0,0,0,0,0,-23.1215,-47.97614
24/mar,Cananéia,0,0,0,0,0,-24.98104,-48.00093
24/mar,Porangaba,0,0,0,0,0,-23.15994,-48.13535
24/mar,Cardoso,0,0,0,0,0,-13.43695,-42.10325
24/mar,Sarutaiá,0,0,0,0,0,-23.25823,-49.48372
24/mar,Piquete,0,0,0,0,0,-22.61361,-45.17611
24/mar,Taciba,0,0,0,0,0,-22.49676,-51.33241
24/mar,Buritizal,0,0,0,0,0,-20.21345,-47.70776
24/mar,Itaberá,0,0,0,0,0,-23.86194,-49.13722
24/mar,Jaci,0,0,0,0,0,-20.94747,-49.57606
24/mar,Pedrinhas Paulista,0,0,0,0,0,-22.80731,-50.82055
24/mar,Tabatinga,0,0,0,0,0,-21.7421,-48.64589
24/mar,São Lourenço da Serra,0,0,0,0,0,-23.84783,-46.9393
24/mar,Avaí,0,0,0,0,0,-22.17789,-49.30511
24/mar,Tapiratiba,0,0,0,0,0,-21.44656,-46.73214
24/mar,Echaporã,0,0,0,0,0,-22.4108,-50.18262
24/mar,Campina do Monte Alegre,0,0,0,0,0,-23.61364,-48.45388
24/mar,Ribeirão Grande,0,0,0,0,0,-21.1775,-47.81028
24/mar,Bocaina,0,0,0,0,0,-22.0983,-48.51952
24/mar,Torrinha,0,0,0,0,0,-22.47144,-48.15338
24/mar,Barra do Chapéu,0,0,0,0,0,-24.44047,-49.08615
24/mar,Estrela D'Oeste,0,0,0,0,0,-20.27767,-50.40807
24/mar,Corumbataí,0,0,0,0,0,-22.21698,-47.59961
24/mar,Taquarivaí,0,0,0,0,0,-23.95095,-48.67524
24/mar,Águas da Prata,0,0,0,0,0,-21.91623,-46.68666
24/mar,Taiaçu,0,0,0,0,0,-21.13217,-48.53092
24/mar,Miguelópolis,0,0,0,0,0,-20.17944,-48.03194
24/mar,Caconde,0,0,0,0,0,-21.5415,-46.62252
24/mar,Itaporanga,0,0,0,0,0,-11.07087,-37.33296
24/mar,Anhembi,0,0,0,0,0,-22.83293,-48.16384
24/mar,General Salgado,0,0,0,0,0,-20.61948,-50.43174
24/mar,Angatuba,0,0,0,0,0,-23.48972,-48.41278
24/mar,Ribeira,0,0,0,0,0,16.61667,-24.2
24/mar,Reginópolis,0,0,0,0,0,-21.87493,-49.19025
24/mar,Sarapuí,0,0,0,0,0,-23.65898,-47.77095
24/mar,Areiópolis,0,0,0,0,0,-22.60627,-48.65273
24/mar,Macaubal,0,0,0,0,0,-20.86271,-49.9853
25/mar,Pedro de Toledo,0,100,0,0,0,-24.1702,-47.17239
25/mar,Tabapuã,0,100,0,0,0,-20.92377,-49.02475
25/mar,Colina,28,72,0,0,0,22.18306,113.53194
25/mar,Potim,0,100,0,0,0,-22.82497,-45.30614
25/mar,Tambaú,58,42,0,0,0,-21.58688,-47.22761
25/mar,São Simão,36,64,0,0,0,-21.47917,-47.55083
25/mar,Pirapora do Bom Jesus,45,55,0,0,0,-23.37201,-46.97798
25/mar,Itapuí,0,100,0,0,0,-22.25044,-48.69737
25/mar,Santa Cruz das Palmeiras,33,67,0,0,0,-21.82694,-47.24861
25/mar,Palmares Paulista,0,100,0,0,0,-21.10148,-48.82032
25/mar,Águas da Prata,0,100,0,0,0,-21.91623,-46.68666
25/mar,São Luís do Paraitinga,0,100,0,0,0,-23.22167,-45.31
25/mar,Patrocínio Paulista,0,100,0,0,0,-20.68707,-47.28437
25/mar,Conchas,78,22,0,0,0,-23.01528,-48.01056
25/mar,Ipaussu,40,60,0,0,0,-23.05667,-49.62639
25/mar,Tarumã,51,49,0,0,0,-22.76111,-50.60332
25/mar,Rancharia,48,52,0,0,0,-22.22917,-50.89306
25/mar,Pirajuí,41,59,0,0,0,-21.99861,-49.45722
25/mar,Cardoso,0,100,0,0,0,-13.43695,-42.10325
25/mar,São Pedro,31,69,0,0,0,-22.83917,-42.10278
25/mar,São José do Rio Pardo,35,65,0,0,0,-21.59556,-46.88861
25/mar,São Bento do Sapucaí,0,100,0,0,0,-22.67091,-45.68394
25/mar,Cesário Lange,57,43,0,0,0,-23.21195,-47.88465
25/mar,Bebedouro,36,44,10,0,10,-20.94944,-48.47917
25/mar,Guariba,33,67,0,0,0,-21.39568,-48.20427
25/mar,Tapiratiba,0,100,0,0,0,-21.44656,-46.73214
25/mar,Junqueirópolis,0,100,0,0,0,-21.4211,-51.44193
25/mar,Cachoeira Paulista,39,61,0,0,0,-22.70115,-44.99229
25/mar,Cravinhos,46,54,0,0,0,-21.34028,-47.72944
25/mar,Lorena,35,47,5,0,13,48.76667,6.13333
25/mar,Guareí,0,100,0,0,0,-23.37338,-48.22466
25/mar,Itaporanga,0,100,0,0,0,-11.07087,-37.33296
25/mar,Guapiaçu,55,45,0,0,0,-20.72593,-49.16413
25/mar,Sumaré,29,54,5,0,12,-22.82194,-47.26694
25/mar,Pereira Barreto,33,67,0,0,0,-20.63833,-51.10917
25/mar,Juquitiba,41,59,0,0,0,-23.93167,-47.06833
25/mar,Porangaba,0,100,0,0,0,-23.15994,-48.13535
25/mar,Franco da Rocha,29,52,3,0,16,-23.32167,-46.72694
25/mar,Morro Agudo,41,59,0,0,0,-20.73139,-48.05778
25/mar,Piedade,36,64,0,0,0,-23.80789,-47.43506
25/mar,Serra Negra,41,59,0,0,0,-22.60767,-46.70322
25/mar,Porto Feliz,35,54,0,0,11,-23.21472,-47.52389
25/mar,Artur Nogueira,47,53,0,0,0,-22.57306,-47.1725
25/mar,Aparecida,37,63,0,0,0,-22.84694,-45.22972
25/mar,Ilhabela,37,56,0,0,7,-23.8484,-45.32321
25/mar,Santa Rita do Passa Quatro,71,29,0,0,0,-21.71028,-47.47806
25/mar,Palmital,67,33,0,0,0,-22.81598,-50.22953
25/mar,Américo Brasiliense,45,55,0,0,0,-21.72444,-48.10167
25/mar,Guarujá,28,50,4,<1,18,-23.99306,-46.25639
25/mar,Cerquilho,45,37,0,0,18,-23.165,-47.74361
25/mar,Capivari,29,51,7,0,13,-22.995,-47.50778
25/mar,Mirandópolis,44,56,0,0,0,-21.12459,-51.15123
25/mar,Cunha,100,0,0,0,0,-37.11284,-12.28343
25/mar,Jaboticabal,34,54,0,0,12,-21.25472,-48.32222
25/mar,Regente Feijó,55,45,0,0,0,-22.22139,-51.30278
25/mar,Bady Bassitt,62,38,0,0,0,-20.91806,-49.44528
25/mar,Poá,39,34,10,0,17,-23.52806,-46.34472
25/mar,Aguaí,46,54,0,0,0,-22.0259,-47.06702
25/mar,Guaratinguetá,30,48,6,0,16,-22.81639,-45.1925
25/mar,Itápolis,53,47,0,0,0,-21.59556,-48.81278
25/mar,Cotia,33,45,6,0,16,-23.60389,-46.91917
25/mar,Cordeirópolis,44,56,0,0,0,-22.48194,-47.45667
25/mar,Francisco Morato,34,37,12,0,17,-23.28167,-46.74528
25/mar,Novo Horizonte,46,54,0,0,0,-21.46806,-49.22083
25/mar,Votorantim,31,43,8,0,18,-23.54667,-47.43778
25/mar,Igaraçu do Tietê,55,45,0,0,0,-22.50917,-48.55778
25/mar,São João da Boa Vista,29,48,11,0,12,-21.96917,-46.79806
25/mar,Igarapava,53,47,0,0,0,-20.03833,-47.74694
25/mar,Mogi Mirim,40,54,0,0,6,-22.43194,-46.95778
25/mar,Iracemápolis,54,46,0,0,0,-22.61601,-47.51989
25/mar,Várzea Paulista,31,46,7,0,16,-23.21139,-46.82833
25/mar,Barrinha,62,38,0,0,0,-21.19361,-48.16389
25/mar,Capão Bonito,50,50,0,0,0,-24.00583,-48.34944
25/mar,Santa Isabel,38,43,0,0,19,17.99663,-66.38711
25/mar,Pereiras,0,100,0,0,0,-23.1215,-47.97614
25/mar,Promissão,47,53,0,0,0,-21.53667,-49.85806
25/mar,Vargem Grande do Sul,40,60,0,0,0,-21.83222,-46.89361
25/mar,Botucatu,37,47,4,0,12,-22.88583,-48.445
25/mar,Orlândia,55,45,0,0,0,-20.68905,-47.89527
25/mar,Descalvado,59,41,0,0,0,-21.87915,-47.65919
25/mar,Osasco,31,43,7,1,18,-23.5325,-46.79167
25/mar,Itapecerica da Serra,33,38,8,0,21,-23.71694,-46.84917
25/mar,São Bernardo do Campo,32,43,9,1,15,-23.69389,-46.565
25/mar,Jardinópolis,39,27,0,0,34,-21.01778,-47.76389
25/mar,Leme,44,39,9,0,8,-22.18556,-47.39028
25/mar,Barra Bonita,35,41,0,0,24,-26.68537,-53.41393
25/mar,Araçoiaba da Serra,45,55,0,0,0,-23.50528,-47.61417
25/mar,Santo André,32,42,9,<1,17,-23.66389,-46.53833
25/mar,Lençóis Paulista,37,33,13,0,17,-22.59861,-48.80028
25/mar,Jales,39,41,0,0,20,-20.26889,-50.54583
25/mar,Ibitinga,33,42,0,0,25,-21.75778,-48.82889
25/mar,Pindamonhangaba,31,42,11,0,16,-22.92389,-45.46167
25/mar,Catanduva,36,50,1,0,13,-21.13778,-48.97278
25/mar,Bauru,32,46,6,0,16,-22.31472,-49.06056
25/mar,Limeira,35,45,6,0,14,-22.56472,-47.40167
25/mar,São Paulo,34,43,7,1,15,-23.5475,-46.63611
25/mar,Socorro,35,46,0,0,19,-10.855,-37.12611
25/mar,Praia Grande,35,43,7,<1,15,-24.00583,-46.40278
25/mar,São Vicente,35,42,7,1,15,16.89014,-24.98042
25/mar,Pedreira,37,48,0,0,15,-22.75077,-46.89089
25/mar,Mauá,39,41,5,<1,15,-23.66778,-46.46139
25/mar,Itaquaquecetuba,38,35,7,0,20,-23.48611,-46.34833
25/mar,Embu das Artes,38,37,5,0,20,-23.64889,-46.85222
25/mar,Cosmópolis,45,40,0,0,15,-22.64583,-47.19611
25/mar,Suzano,38,35,8,0,19,-23.5425,-46.31083
25/mar,Iperó,64,36,0,0,0,-23.35028,-47.68861
25/mar,Biritiba-Mirim,64,36,0,0,0,-23.5725,-46.03861
25/mar,Cajamar,38,38,8,0,16,-23.35193,-46.88129
25/mar,Itanhaém,33,43,9,0,15,-24.18306,-46.78889
25/mar,Ribeirão Pires,34,45,5,0,16,-23.71056,-46.41333
25/mar,Mirassol,55,31,0,0,14,-20.84158,-49.50879
25/mar,Barueri,32,41,10,1,16,-23.51056,-46.87611
25/mar,Caieiras,41,40,8,0,11,-23.38134,-46.73815
25/mar,Avaré,39,37,14,0,10,-23.09861,-48.92583
25/mar,Itapevi,36,35,5,0,24,-23.54889,-46.93417
25/mar,Itupeva,34,38,11,0,17,-23.15306,-47.05778
25/mar,São Caetano do Sul,34,46,5,0,15,-23.62306,-46.55111
25/mar,Piraju,73,27,0,0,0,-23.19361,-49.38389
25/mar,Sorocaba,35,41,7,1,16,-23.50167,-47.45806
25/mar,Votuporanga,41,50,3,0,6,-20.42278,-49.97278
25/mar,Piracicaba,37,43,9,0,11,-22.72528,-47.64917
25/mar,São Sebastião,32,35,14,0,19,-23.76,-45.40972
25/mar,Cândido Mota,54,46,0,0,0,-22.74639,-50.38694
25/mar,Holambra,58,42,0,0,0,-22.63825,-47.06501
25/mar,Santana de Parnaíba,39,41,6,0,14,-23.44417,-46.91778
25/mar,Conchal,46,54,0,0,0,-22.34611,-47.1362
25/mar,Jacareí,41,38,10,0,11,-23.30528,-45.96583
25/mar,Ituverava,58,42,0,0,0,-20.30007,-47.82592
25/mar,Carapicuíba,35,38,9,0,18,-23.52272,-46.835
25/mar,Arujá,40,38,7,0,15,-23.39611,-46.32083
25/mar,Pilar do Sul,69,31,0,0,0,-23.81306,-47.71639
25/mar,Atibaia,40,33,12,0,15,-23.11694,-46.55028
25/mar,Agudos,61,39,0,0,0,-22.58942,-49.16164
25/mar,Santa Adélia,46,54,0,0,0,-21.24278,-48.80417
25/mar,Franca,38,43,8,0,11,46.0,2.0
25/mar,Salto,36,41,6,0,17,-31.38333,-57.96667
25/mar,Bom Jesus dos Perdões,47,53,0,0,0,-23.16488,-46.47118
25/mar,Ibiúna,37,35,0,0,28,-23.83577,-47.21076
25/mar,Mongaguá,30,35,7,0,28,-24.05741,-46.66836
25/mar,Barretos,43,43,6,0,8,-20.55722,-48.56778
25/mar,Nova Odessa,43,44,0,0,13,-22.7775,-47.29583
25/mar,Batatais,44,28,0,0,28,-20.83515,-47.56742
25/mar,Ibaté,54,46,0,0,0,-21.95472,-47.99667
25/mar,São Carlos,38,41,12,0,9,-22.0175,-47.89083
25/mar,Campos do Jordão,44,37,0,0,19,-22.69537,-45.52622
25/mar,Osvaldo Cruz,48,52,0,0,0,-21.79667,-50.87861
25/mar,Itararé,82,18,0,0,0,-24.1125,-49.33167
25/mar,São Roque,36,36,7,0,21,32.66568,-16.92547
25/mar,Pitangueiras,61,39,0,0,0,-21.00944,-48.22167
25/mar,Itapira,46,49,0,0,5,-22.43611,-46.82167
25/mar,Paraguaçu Paulista,53,47,0,0,0,-22.41278,-50.57583
25/mar,Cabreúva,37,33,0,0,30,-23.3075,-47.13278
25/mar,Cafelândia,0,100,0,0,0,-21.8025,-49.61
25/mar,Dracena,63,37,0,0,0,-21.57936,-51.59598
25/mar,Barra do Chapéu,0,0,0,0,0,-24.44047,-49.08615
25/mar,Fernão,0,0,0,0,0,-14.56257,40.68538
25/mar,Corumbataí,0,0,0,0,0,-22.21698,-47.59961
25/mar,Torre de Pedra,0,0,0,0,0,-23.2464,-48.21328
25/mar,Buritizal,0,0,0,0,0,-20.21345,-47.70776
25/mar,Bocaina,0,0,0,0,0,-22.0983,-48.51952
25/mar,Capelinha,0,0,0,0,0,-17.69167,-42.50214
25/mar,Monte Alegre do Sul,0,0,0,0,0,-22.71002,-46.67181
25/mar,Cristais Paulista,0,0,0,0,0,-20.36538,-47.373
25/mar,Lucélia,0,0,0,0,0,-21.72028,-51.01889
25/mar,Campina do Monte Alegre,0,0,0,0,0,-23.61364,-48.45388
25/mar,Santa Mercedes,0,0,0,0,0,-21.31829,-51.74637
25/mar,Anhembi,0,0,0,0,0,-22.83293,-48.16384
25/mar,Piquete,0,0,0,0,0,-22.61361,-45.17611
25/mar,Euclides da Cunha Paulista,0,0,0,0,0,-22.5171,-52.59099
25/mar,Ouro Verde,0,0,0,0,0,-26.73257,-52.27153
25/mar,Avanhandava,0,0,0,0,0,-21.46596,-49.94791
25/mar,Águas de São Pedro,0,0,0,0,0,-22.60238,-47.87481
25/mar,Taquarivaí,0,0,0,0,0,-23.95095,-48.67524
25/mar,Flórida Paulista,0,0,0,0,0,-21.54193,-51.18066
25/mar,Neves Paulista,0,0,0,0,0,-20.87439,-49.6485
25/mar,Ribeirão Bonito,0,0,0,0,0,-22.03418,-48.18769
25/mar,Ribeira,0,0,0,0,0,16.61667,-24.2
25/mar,Itatinga,0,0,0,0,0,-23.12572,-48.62341
25/mar,Pedra Bela,0,0,0,0,0,-22.76397,-46.43708
25/mar,Barão de Antonina,0,0,0,0,0,-23.57097,-49.5666
25/mar,Miguelópolis,0,0,0,0,0,-20.17944,-48.03194
25/mar,Sarapuí,0,0,0,0,0,-23.65898,-47.77095
25/mar,Serra Azul,0,0,0,0,0,-21.28755,-47.53885
25/mar,Inúbia Paulista,0,0,0,0,0,-21.72002,-50.94738
25/mar,Estrela D'Oeste,0,0,0,0,0,-20.27767,-50.40807
25/mar,Pedrinhas Paulista,0,0,0,0,0,-22.80731,-50.82055
25/mar,Ribeirão Grande,0,0,0,0,0,-21.1775,-47.81028
25/mar,Iepê,0,0,0,0,0,-22.65726,-51.04385
25/mar,Ilha Comprida,0,0,0,0,0,-24.87792,-47.74757
25/mar,Reginópolis,0,0,0,0,0,-21.87493,-49.19025
25/mar,Pardinho,0,0,0,0,0,-23.08987,-48.3842
25/mar,Tabatinga,0,0,0,0,0,-21.7421,-48.64589
25/mar,Santa Rita do Ribeira,0,0,0,0,0,-24.15139,-47.31667
25/mar,Palmeira D'Oeste,0,0,0,0,0,-20.45046,-50.75181
25/mar,Alambari,0,0,0,0,0,-23.53745,-47.86273
25/mar,Manduri,0,0,0,0,0,-23.05388,-49.30262
25/mar,Irapuru,0,0,0,0,0,-21.44903,-51.33959
25/mar,Luís Antônio,0,0,0,0,0,-21.55997,-47.81156
25/mar,Joanópolis,0,0,0,0,0,-22.93028,-46.27556
25/mar,Parapuã,0,0,0,0,0,-21.84482,-50.8341
26/mar,São Luís do Paraitinga,0,100,0,0,0,-23.22167,-45.31
26/mar,Castilho,72,28,0,0,0,-20.87222,-51.4875
26/mar,Estiva Gerbi,0,100,0,0,0,-22.22052,-46.93878
26/mar,Tabapuã,0,100,0,0,0,-20.92377,-49.02475
26/mar,Vera Cruz,0,100,0,0,0,-8.55861,125.57361
26/mar,Santa Cruz das Palmeiras,27,73,0,0,0,-21.82694,-47.24861
26/mar,Divinolândia,36,64,0,0,0,-21.66459,-46.7045
26/mar,São Simão,72,28,0,0,0,-21.47917,-47.55083
26/mar,Tietê,31,69,0,0,0,-20.63161,-51.55063
26/mar,Conchas,70,30,0,0,0,-23.01528,-48.01056
26/mar,Quadra,0,100,0,0,0,-23.30027,-48.04264
26/mar,Colina,62,38,0,0,0,22.18306,113.53194
26/mar,Bom Jesus dos Perdões,73,27,0,0,0,-23.16488,-46.47118
26/mar,Pedro de Toledo,0,100,0,0,0,-24.1702,-47.17239
26/mar,Iperó,40,60,0,0,0,-23.35028,-47.68861
26/mar,Pindorama,71,29,0,0,0,-21.20688,-48.91109
26/mar,Quatá,0,100,0,0,0,-22.21146,-50.64957
26/mar,Águas de Santa Bárbara,0,100,0,0,0,-22.85764,-49.25362
26/mar,Valparaíso,36,64,0,0,0,-33.036,-71.62963
26/mar,Peruíbe,30,55,0,0,15,-24.32,-46.99833
26/mar,Jarinu,32,58,0,0,10,-23.10139,-46.72833
26/mar,São Manuel,49,51,0,0,0,-22.73111,-48.57056
26/mar,São Joaquim da Barra,37,63,0,0,0,-20.58139,-47.85472
26/mar,Caraguatatuba,27,50,4,0,19,-23.62028,-45.41306
26/mar,Charqueada,71,29,0,0,0,-22.53724,-47.7377
26/mar,Tremembé,31,52,0,0,17,-22.95833,-45.54944
26/mar,Cruzeiro,28,55,4,0,13,-22.57104,-45.00105
26/mar,Jardinópolis,56,41,0,0,3,-21.01778,-47.76389
26/mar,Socorro,28,48,0,0,24,-10.855,-37.12611
26/mar,Novo Horizonte,63,37,0,0,0,-21.46806,-49.22083
26/mar,Aguaí,49,51,0,0,0,-22.0259,-47.06702
26/mar,Sarapuí,0,100,0,0,0,-23.65898,-47.77095
26/mar,Itirapina,50,50,0,0,0,-22.25278,-47.82278
26/mar,Tambaú,36,64,0,0,0,-21.58688,-47.22761
26/mar,Morro Agudo,72,28,0,0,0,-20.73139,-48.05778
26/mar,Santo Antônio de Posse,38,62,0,0,0,-22.60438,-46.94759
26/mar,Mirante do Paranapanema,0,100,0,0,0,-22.35109,-51.97126
26/mar,Itaberá,62,38,0,0,0,-23.86194,-49.13722
26/mar,Mairinque,51,49,0,0,0,-23.54583,-47.18333
26/mar,Juquitiba,56,44,0,0,0,-23.93167,-47.06833
26/mar,Capão Bonito,60,40,0,0,0,-24.00583,-48.34944
26/mar,Fernandópolis,30,55,0,0,15,-20.28389,-50.24639
26/mar,Caçapava,34,47,9,0,10,-23.10083,-45.70694
26/mar,Pirapora do Bom Jesus,60,40,0,0,0,-23.37201,-46.97798
26/mar,Conchal,46,54,0,0,0,-22.34611,-47.1362
26/mar,Leme,27,49,6,0,18,-22.18556,-47.39028
26/mar,Rio Claro,30,52,5,0,13,10.30594,-61.17556
26/mar,Pontal,48,52,0,0,0,-10.15333,-36.13472
26/mar,Cerqueira César,78,22,0,0,0,-23.03556,-49.16611
26/mar,Igaraçu do Tietê,69,31,0,0,0,-22.50917,-48.55778
26/mar,Tabatinga,0,100,0,0,0,-21.7421,-48.64589
26/mar,Cubatão,30,51,8,0,11,-23.895,-46.42528
26/mar,Lins,33,47,12,0,8,48.30639,14.28611
26/mar,Cordeirópolis,51,49,0,0,0,-22.48194,-47.45667
26/mar,Taubaté,32,49,8,0,11,-23.02639,-45.55528
26/mar,Santa Gertrudes,68,32,0,0,0,-22.45667,-47.53028
26/mar,Várzea Paulista,29,47,4,0,20,-23.21139,-46.82833
26/mar,São Vicente,31,49,3,1,16,16.89014,-24.98042
26/mar,Santa Fé do Sul,45,55,0,0,0,-20.21111,-50.92583
26/mar,Boituva,33,56,0,0,11,-23.31012,-47.68519
26/mar,Itatinga,62,38,0,0,0,-23.12572,-48.62341
26/mar,Campina do Monte Alegre,0,100,0,0,0,-23.61364,-48.45388
26/mar,Itaquaquecetuba,38,32,12,0,18,-23.48611,-46.34833
26/mar,Ribeirão Pires,30,48,7,0,15,-23.71056,-46.41333
26/mar,Biritiba-Mirim,38,62,0,0,0,-23.5725,-46.03861
26/mar,Franco da Rocha,32,46,5,0,17,-23.32167,-46.72694
26/mar,Lençóis Paulista,45,30,5,0,20,-22.59861,-48.80028
26/mar,Araçatuba,28,48,8,0,16,-21.20889,-50.43278
26/mar,Bariri,43,57,0,0,0,-22.07444,-48.74028
26/mar,Votorantim,35,42,10,0,13,-23.54667,-47.43778
26/mar,Itaí,44,56,0,0,0,-23.41778,-49.09056
26/mar,Amparo,33,52,0,0,15,-22.70845,-46.80148
26/mar,Iracemápolis,78,22,0,0,0,-22.61601,-47.51989
26/mar,Iguape,70,30,0,0,0,-24.70806,-47.55528
26/mar,Poá,33,43,9,0,15,-23.52806,-46.34472
26/mar,Bebedouro,43,33,9,0,15,-20.94944,-48.47917
26/mar,Piedade,47,53,0,0,0,-23.80789,-47.43506
26/mar,Louveira,48,38,0,0,14,-23.08252,-46.93308
26/mar,Guarujá,33,43,6,1,17,-23.99306,-46.25639
26/mar,Lorena,36,49,3,0,12,48.76667,6.13333
26/mar,Potim,0,100,0,0,0,-22.82497,-45.30614
26/mar,Campo Limpo Paulista,40,32,13,0,15,-23.21599,-46.75842
26/mar,Hortolândia,29,47,6,0,18,-22.85833,-47.22
26/mar,Guararapes,43,57,0,0,0,-21.26083,-50.64278
26/mar,Itapevi,33,41,9,0,17,-23.54889,-46.93417
26/mar,Itupeva,30,45,9,0,16,-23.15306,-47.05778
26/mar,São Paulo,33,42,8,1,16,-23.5475,-46.63611
26/mar,Francisco Morato,30,38,7,0,25,-23.28167,-46.74528
26/mar,Jaú,33,47,7,0,13,-22.29639,-48.55778
26/mar,Embu das Artes,35,38,8,0,19,-23.64889,-46.85222
26/mar,Itapecerica da Serra,34,37,10,0,19,-23.71694,-46.84917
26/mar,Botucatu,32,48,6,0,14,-22.88583,-48.445
26/mar,Santo André,34,42,7,1,16,-23.66389,-46.53833
26/mar,Buri,50,50,0,0,0,13.3622,100.98345
26/mar,Cananéia,0,100,0,0,0,-24.98104,-48.00093
26/mar,Apiaí,55,45,0,0,0,-24.50944,-48.8425
26/mar,Salto,40,46,7,0,7,-31.38333,-57.96667
26/mar,Ibitinga,41,53,0,0,6,-21.75778,-48.82889
26/mar,Regente Feijó,56,44,0,0,0,-22.22139,-51.30278
26/mar,Cosmópolis,46,47,0,0,7,-22.64583,-47.19611
26/mar,Serrana,48,52,0,0,0,-21.21139,-47.59556
26/mar,Praia Grande,32,41,10,1,16,-24.00583,-46.40278
26/mar,Embu-Guaçu,31,39,5,0,25,-23.83222,-46.81139
26/mar,Suzano,39,38,8,0,15,-23.5425,-46.31083
26/mar,Maracaí,0,100,0,0,0,-22.61056,-50.66722
26/mar,Cajamar,34,39,10,0,17,-23.35193,-46.88129
26/mar,Campos do Jordão,30,42,0,0,28,-22.69537,-45.52622
26/mar,Jundiaí,32,44,7,2,15,-23.18639,-46.88417
26/mar,Ituverava,61,39,0,0,0,-20.30007,-47.82592
26/mar,Pirapozinho,46,54,0,0,0,-22.27528,-51.5
26/mar,Osasco,34,40,7,2,17,-23.5325,-46.79167
26/mar,Caieiras,33,38,12,0,17,-23.38134,-46.73815
26/mar,Sorocaba,33,43,7,<1,17,-23.50167,-47.45806
26/mar,São José dos Campos,34,43,7,<1,16,-23.17944,-45.88694
26/mar,Jacareí,40,34,13,0,13,-23.30528,-45.96583
26/mar,Ribeirão Preto,33,43,7,1,16,-21.1775,-47.81028
26/mar,Matão,48,34,3,0,15,-21.60333,-48.36583
26/mar,Taquaritinga,50,50,0,0,0,-21.40611,-48.50472
26/mar,Mogi das Cruzes,38,36,9,1,16,-23.52278,-46.18833
26/mar,Birigui,38,44,3,0,15,-21.28861,-50.34
26/mar,Carapicuíba,37,37,8,0,18,-23.52272,-46.835
26/mar,Barretos,41,39,12,0,8,-20.55722,-48.56778
26/mar,Salto de Pirapora,32,43,0,0,25,-23.64889,-47.57333
26/mar,Mauá,38,33,10,<1,19,-23.66778,-46.46139
26/mar,Cerquilho,43,37,0,0,20,-23.165,-47.74361
26/mar,Itararé,47,53,0,0,0,-24.1125,-49.33167
26/mar,Nova Odessa,50,40,0,0,10,-22.7775,-47.29583
26/mar,Cesário Lange,57,43,0,0,0,-23.21195,-47.88465
26/mar,Américo Brasiliense,50,50,0,0,0,-21.72444,-48.10167
26/mar,Pompéia,72,28,0,0,0,-22.04169,-50.20123
26/mar,Ilhabela,39,45,0,0,16,-23.8484,-45.32321
26/mar,Tanabi,55,45,0,0,0,-20.62639,-49.64917
26/mar,Arujá,38,44,4,0,14,-23.39611,-46.32083
26/mar,Barueri,36,38,9,1,16,-23.51056,-46.87611
26/mar,Capivari,42,41,10,0,7,-22.995,-47.50778
26/mar,Cravinhos,53,47,0,0,0,-21.34028,-47.72944
26/mar,Ubatuba,38,43,11,0,8,-23.43389,-45.07111
26/mar,São Carlos,35,44,7,0,14,-22.0175,-47.89083
26/mar,Taquarituba,58,42,0,0,0,-23.52998,-49.21441
26/mar,Andradina,49,45,0,0,6,-20.89611,-51.37944
26/mar,Mongaguá,43,31,11,0,15,-24.05741,-46.66836
26/mar,Cotia,35,34,12,0,19,-23.60389,-46.91917
26/mar,Ilha Solteira,57,43,0,0,0,-20.35123,-51.15423
26/mar,São Roque,35,36,5,0,24,32.66568,-16.92547
26/mar,Bady Bassitt,80,20,0,0,0,-20.91806,-49.44528
26/mar,Presidente Venceslau,47,53,0,0,0,-21.87611,-51.84389
26/mar,São João da Boa Vista,39,36,5,0,20,-21.96917,-46.79806
26/mar,Barra Bonita,44,36,0,0,20,-26.68537,-53.41393
26/mar,Espírito Santo do Pinhal,59,41,0,0,0,-22.189,-46.78421
26/mar,Holambra,67,33,0,0,0,-22.63825,-47.06501
26/mar,São Sebastião,38,32,8,0,22,-23.76,-45.40972
26/mar,Santana de Parnaíba,34,36,10,0,20,-23.44417,-46.91778
26/mar,Garça,62,38,0,0,0,-22.21056,-49.65611
26/mar,Monte Aprazível,80,20,0,0,0,-20.7725,-49.71417
26/mar,Fartura,50,50,0,0,0,-23.38833,-49.51
26/mar,Tejupá,0,0,0,0,0,-23.35231,-49.30721
26/mar,Vicentópolis,0,0,0,0,0,-20.91667,-50.33333
26/mar,Fernão,0,0,0,0,0,-14.56257,40.68538
26/mar,Ouro Verde,0,0,0,0,0,-26.73257,-52.27153
26/mar,Ribeirão Bonito,0,0,0,0,0,-22.03418,-48.18769
26/mar,Torrinha,0,0,0,0,0,-22.47144,-48.15338
26/mar,Ribeirão Grande,0,0,0,0,0,-21.1775,-47.81028
26/mar,Pedrinhas Paulista,0,0,0,0,0,-22.80731,-50.82055
26/mar,Ouroeste,0,0,0,0,0,-19.9376,-50.41455
26/mar,Pacaembu,0,0,0,0,0,-21.56222,-51.26056
26/mar,Cardoso,0,0,0,0,0,-13.43695,-42.10325
26/mar,Sarutaiá,0,0,0,0,0,-23.25823,-49.48372
26/mar,Junqueirópolis,0,0,0,0,0,-21.4211,-51.44193
26/mar,Pereiras,0,0,0,0,0,-23.1215,-47.97614
26/mar,Pedra Bela,0,0,0,0,0,-22.76397,-46.43708
26/mar,Santa Mercedes,0,0,0,0,0,-21.31829,-51.74637
26/mar,Campos Novos Paulista,0,0,0,0,0,-22.62889,-50.01282
26/mar,Guapiara,0,0,0,0,0,-24.21726,-48.54523
26/mar,Flórida Paulista,0,0,0,0,0,-21.54193,-51.18066
26/mar,Águas da Prata,0,0,0,0,0,-21.91623,-46.68666
26/mar,Barão de Antonina,0,0,0,0,0,-23.57097,-49.5666
26/mar,Patrocínio Paulista,0,0,0,0,0,-20.68707,-47.28437
26/mar,Manduri,0,0,0,0,0,-23.05388,-49.30262
26/mar,Vista Alegre do Alto,0,0,0,0,0,-21.18019,-48.65482
26/mar,Rosana,0,0,0,0,0,-22.4925,-52.81942
26/mar,Capela do Alto,0,0,0,0,0,-23.47056,-47.73472
26/mar,Salesópolis,0,0,0,0,0,-23.58753,-45.84743
26/mar,Taguaí,0,0,0,0,0,-23.48512,-49.40781
26/mar,Santa Cruz da Conceição,0,0,0,0,0,-22.12608,-47.49276
26/mar,Iepê,0,0,0,0,0,-22.65726,-51.04385
26/mar,Analândia,0,0,0,0,0,-22.12002,-47.68938
26/mar,General Salgado,0,0,0,0,0,-20.61948,-50.43174
26/mar,Chavantes,0,0,0,0,0,-23.0346,-49.72321
26/mar,Taciba,0,0,0,0,0,-22.49676,-51.33241
26/mar,Auriflama,0,0,0,0,0,-20.68556,-50.55472
26/mar,Jaci,0,0,0,0,0,-20.94747,-49.57606
26/mar,Santa Rita do Ribeira,0,0,0,0,0,-24.15139,-47.31667
26/mar,Nhandeara,0,0,0,0,0,-20.66142,-50.05605
26/mar,Descalvado,0,0,0,0,0,-21.87915,-47.65919
26/mar,Pinhalzinho,0,0,0,0,0,-22.78213,-46.57177
26/mar,Reginópolis,0,0,0,0,0,-21.87493,-49.19025
26/mar,Irapuru,0,0,0,0,0,-21.44903,-51.33959
26/mar,Guaíra,0,0,0,0,0,-25.8,-56.26667
26/mar,Borborema,0,0,0,0,0,-21.61972,-49.07361
26/mar,Taquarivaí,0,0,0,0,0,-23.95095,-48.67524
27/mar,Torrinha,0,100,0,0,0,-22.47144,-48.15338
27/mar,Capela do Alto,90,10,0,0,0,-23.47056,-47.73472
27/mar,Ipaussu,42,58,0,0,0,-23.05667,-49.62639
27/mar,Barrinha,34,66,0,0,0,-21.19361,-48.16389
27/mar,Quadra,0,100,0,0,0,-23.30027,-48.04264
27/mar,Colina,79,21,0,0,0,22.18306,113.53194
27/mar,Pariquera-Açu,64,36,0,0,0,-24.66388,-47.84553
27/mar,Conchal,34,66,0,0,0,-22.34611,-47.1362
27/mar,Cosmópolis,32,62,0,0,6,-22.64583,-47.19611
27/mar,Presidente Venceslau,29,71,0,0,0,-21.87611,-51.84389
27/mar,Registro,24,58,7,0,11,-24.4875,-47.84361
27/mar,Salesópolis,0,100,0,0,0,-23.58753,-45.84743
27/mar,Iracemápolis,35,65,0,0,0,-22.61601,-47.51989
27/mar,Laranjal Paulista,36,64,0,0,0,-23.04972,-47.83667
27/mar,Santa Rosa de Viterbo,32,68,0,0,0,5.88515,-73.01344
27/mar,Severínia,33,67,0,0,0,-20.78066,-48.79037
27/mar,Itatinga,32,68,0,0,0,-23.12572,-48.62341
27/mar,Itajobi,0,100,0,0,0,-21.35516,-49.0569
27/mar,Tambaú,39,61,0,0,0,-21.58688,-47.22761
27/mar,Santa Rita do Passa Quatro,33,67,0,0,0,-21.71028,-47.47806
27/mar,Macatuba,0,100,0,0,0,-22.50222,-48.71139
27/mar,Pirapora do Bom Jesus,59,41,0,0,0,-23.37201,-46.97798
27/mar,Ituverava,44,56,0,0,0,-20.30007,-47.82592
27/mar,Penápolis,52,39,0,0,9,-21.41972,-50.0775
27/mar,Araçariguama,32,68,0,0,0,-23.42294,-47.07816
27/mar,Fartura,36,64,0,0,0,-23.38833,-49.51
27/mar,Salto de Pirapora,31,61,0,0,8,-23.64889,-47.57333
27/mar,Iperó,35,65,0,0,0,-23.35028,-47.68861
27/mar,Capão Bonito,62,38,0,0,0,-24.00583,-48.34944
27/mar,Ourinhos,33,43,13,0,11,-22.97889,-49.87056
27/mar,Santa Cruz das Palmeiras,35,65,0,0,0,-21.82694,-47.24861
27/mar,Mairinque,69,31,0,0,0,-23.54583,-47.18333
27/mar,Sao Miguel Arcanjo,0,100,0,0,0,15.19327,-23.63913
27/mar,Monte Mor,27,50,0,0,23,-22.94667,-47.31583
27/mar,Regente Feijó,49,51,0,0,0,-22.22139,-51.30278
27/mar,Louveira,51,31,0,0,18,-23.08252,-46.93308
27/mar,Álvares Machado,34,66,0,0,0,-22.14018,-51.50417
27/mar,Presidente Epitácio,37,63,0,0,0,-21.76333,-52.11556
27/mar,Pontal,35,65,0,0,0,-10.15333,-36.13472
27/mar,Bom Jesus dos Perdões,90,10,0,0,0,-23.16488,-46.47118
27/mar,Sumaré,32,49,5,0,14,-22.82194,-47.26694
27/mar,Rio Claro,29,49,8,0,14,10.30594,-61.17556
27/mar,Ilha Solteira,71,29,0,0,0,-20.35123,-51.15423
27/mar,Bertioga,27,46,0,0,27,-23.85444,-46.13861
27/mar,Itapeva,64,36,0,0,0,-23.94696,-48.83835
27/mar,Embu das Artes,26,45,7,0,22,-23.64889,-46.85222
27/mar,Mairiporã,39,52,0,0,9,-23.31861,-46.58667
27/mar,Pitangueiras,60,40,0,0,0,-21.00944,-48.22167
27/mar,Embu-Guaçu,43,25,12,0,20,-23.83222,-46.81139
27/mar,Fernandópolis,45,43,0,0,12,-20.28389,-50.24639
27/mar,Agudos,52,48,0,0,0,-22.58942,-49.16164
27/mar,Juquitiba,53,47,0,0,0,-23.93167,-47.06833
27/mar,Cotia,37,33,9,0,21,-23.60389,-46.91917
27/mar,Cabreúva,60,25,0,0,15,-23.3075,-47.13278
27/mar,Guaratinguetá,30,44,11,0,15,-22.81639,-45.1925
27/mar,São Vicente,31,42,6,4,17,16.89014,-24.98042
27/mar,Américo Brasiliense,72,28,0,0,0,-21.72444,-48.10167
27/mar,Valparaíso,37,63,0,0,0,-33.036,-71.62963
27/mar,Hortolândia,27,45,6,0,22,-22.85833,-47.22
27/mar,Bebedouro,35,50,6,0,9,-20.94944,-48.47917
27/mar,Bastos,38,62,0,0,0,-21.92194,-50.73389
27/mar,Conchas,64,36,0,0,0,-23.01528,-48.01056
27/mar,Pindorama,100,0,0,0,0,-21.20688,-48.91109
27/mar,Barretos,34,48,7,0,11,-20.55722,-48.56778
27/mar,São Manuel,43,57,0,0,0,-22.73111,-48.57056
27/mar,Caieiras,43,27,11,0,19,-23.38134,-46.73815
27/mar,São Simão,62,38,0,0,0,-21.47917,-47.55083
27/mar,Pilar do Sul,55,45,0,0,0,-23.81306,-47.71639
27/mar,Socorro,27,36,0,0,37,-10.855,-37.12611
27/mar,Francisco Morato,32,43,8,0,17,-23.28167,-46.74528
27/mar,Estiva Gerbi,0,100,0,0,0,-22.22052,-46.93878
27/mar,Suzano,33,41,7,0,19,-23.5425,-46.31083
27/mar,Santo André,30,41,10,<1,19,-23.66389,-46.53833
27/mar,Leme,29,44,10,0,17,-22.18556,-47.39028
27/mar,Cubatão,28,43,12,0,17,-23.895,-46.42528
27/mar,Santa Adélia,48,52,0,0,0,-21.24278,-48.80417
27/mar,Santa Fé do Sul,49,51,0,0,0,-20.21111,-50.92583
27/mar,Pereira Barreto,72,28,0,0,0,-20.63833,-51.10917
27/mar,Araçoiaba da Serra,55,45,0,0,0,-23.50528,-47.61417
27/mar,Itapevi,34,37,11,0,18,-23.54889,-46.93417
27/mar,Lençóis Paulista,38,35,16,0,11,-22.59861,-48.80028
27/mar,Pindamonhangaba,33,46,7,0,14,-22.92389,-45.46167
27/mar,Santa Gertrudes,63,37,0,0,0,-22.45667,-47.53028
27/mar,Ibiúna,37,18,0,0,45,-23.83577,-47.21076
27/mar,Itararé,53,47,0,0,0,-24.1125,-49.33167
27/mar,Novo Horizonte,65,35,0,0,0,-21.46806,-49.22083
27/mar,Guararapes,54,46,0,0,0,-21.26083,-50.64278
27/mar,São Caetano do Sul,33,40,9,0,18,-23.62306,-46.55111
27/mar,Atibaia,29,42,6,0,23,-23.11694,-46.55028
27/mar,Pedreira,36,48,0,0,16,-22.75077,-46.89089
27/mar,Cravinhos,42,58,0,0,0,-21.34028,-47.72944
27/mar,Osasco,30,40,9,1,20,-23.5325,-46.79167
27/mar,Tremembé,37,50,0,0,13,-22.95833,-45.54944
27/mar,Dracena,41,59,0,0,0,-21.57936,-51.59598
27/mar,Guariba,42,58,0,0,0,-21.39568,-48.20427
27/mar,Guarujá,33,39,8,1,19,-23.99306,-46.25639
27/mar,Buri,54,46,0,0,0,13.3622,100.98345
27/mar,Boituva,41,42,0,0,17,-23.31012,-47.68519
27/mar,São Paulo,31,40,8,1,20,-23.5475,-46.63611
27/mar,Carapicuíba,34,40,9,0,17,-23.52272,-46.835
27/mar,José Bonifácio,47,53,0,0,0,-21.08986,-49.77293
27/mar,Cesário Lange,50,50,0,0,0,-23.21195,-47.88465
27/mar,Caçapava,37,39,10,0,14,-23.10083,-45.70694
27/mar,Mauá,32,37,9,1,21,-23.66778,-46.46139
27/mar,Bariri,62,38,0,0,0,-22.07444,-48.74028
27/mar,Valinhos,31,40,7,0,22,-22.97056,-46.99583
27/mar,Sorocaba,32,41,9,1,17,-23.50167,-47.45806
27/mar,Orlândia,46,54,0,0,0,-20.68905,-47.89527
27/mar,Charqueada,50,50,0,0,0,-22.53724,-47.7377
27/mar,Itaquaquecetuba,36,37,9,0,18,-23.48611,-46.34833
27/mar,Jundiaí,32,40,8,1,19,-23.18639,-46.88417
27/mar,Arujá,40,35,7,0,18,-23.39611,-46.32083
27/mar,Monte Alto,37,40,0,0,23,-21.26111,-48.49639
27/mar,Itobi,0,100,0,0,0,-21.74902,-46.93051
27/mar,São Bernardo do Campo,32,37,10,1,20,-23.69389,-46.565
27/mar,Poá,36,36,8,0,20,-23.52806,-46.34472
27/mar,São Joaquim da Barra,47,53,0,0,0,-20.58139,-47.85472
27/mar,Itu,36,42,8,0,14,-23.26417,-47.29917
27/mar,Nova Odessa,43,37,0,0,20,-22.7775,-47.29583
27/mar,Santo Antônio de Posse,67,33,0,0,0,-22.60438,-46.94759
27/mar,Salto,34,39,7,0,20,-31.38333,-57.96667
27/mar,São Roque,32,40,14,0,14,32.66568,-16.92547
27/mar,Barueri,34,35,9,1,21,-23.51056,-46.87611
27/mar,Piedade,69,31,0,0,0,-23.80789,-47.43506
27/mar,Itapetininga,31,37,10,0,22,-23.59167,-48.05306
27/mar,Biritiba-Mirim,62,38,0,0,0,-23.5725,-46.03861
27/mar,Aparecida,45,55,0,0,0,-22.84694,-45.22972
27/mar,São José do Rio Preto,35,41,9,<1,15,-20.8166,-49.4065
27/mar,Teodoro Sampaio,65,35,0,0,0,-12.26547,-38.61211
27/mar,Jarinu,43,49,0,0,8,-23.10139,-46.72833
27/mar,Assis,41,41,8,0,10,-22.66167,-50.41222
27/mar,Garça,59,41,0,0,0,-22.21056,-49.65611
27/mar,Paranapanema,50,50,0,0,0,-23.48856,-48.75931
27/mar,São José dos Campos,33,38,11,<1,18,-23.17944,-45.88694
27/mar,Cerquilho,33,37,0,0,30,-23.165,-47.74361
27/mar,Cerqueira César,68,32,0,0,0,-23.03556,-49.16611
27/mar,Franco da Rocha,37,37,11,0,15,-23.32167,-46.72694
27/mar,Cananéia,0,100,0,0,0,-24.98104,-48.00093
27/mar,Santana de Parnaíba,33,38,6,0,23,-23.44417,-46.91778
27/mar,Franca,41,40,6,0,13,46.0,2.0
27/mar,Cajamar,32,30,9,0,29,-23.35193,-46.88129
27/mar,Capivari,35,30,11,0,24,-22.995,-47.50778
27/mar,Adamantina,63,37,0,0,0,-21.59136,-51.06669
27/mar,Vargem Grande Paulista,50,33,0,0,17,-23.62856,-47.01914
27/mar,Santa Isabel,41,29,0,0,30,17.99663,-66.38711
27/mar,Ribeira,0,100,0,0,0,16.61667,-24.2
27/mar,Santa Mercedes,0,0,0,0,0,-21.31829,-51.74637
27/mar,Tabatinga,0,0,0,0,0,-21.7421,-48.64589
27/mar,São Bento do Sapucaí,0,0,0,0,0,-22.67091,-45.68394
27/mar,Buritizal,0,0,0,0,0,-20.21345,-47.70776
27/mar,Corumbataí,0,0,0,0,0,-22.21698,-47.59961
27/mar,Porangaba,0,0,0,0,0,-23.15994,-48.13535
27/mar,Joanópolis,0,0,0,0,0,-22.93028,-46.27556
27/mar,Ribeirão Bonito,0,0,0,0,0,-22.03418,-48.18769
27/mar,Taiaçu,0,0,0,0,0,-21.13217,-48.53092
27/mar,Águas da Prata,0,0,0,0,0,-21.91623,-46.68666
27/mar,Lucélia,0,0,0,0,0,-21.72028,-51.01889
27/mar,Sarutaiá,0,0,0,0,0,-23.25823,-49.48372
27/mar,Pedro de Toledo,0,0,0,0,0,-24.1702,-47.17239
27/mar,Águas de Santa Bárbara,0,0,0,0,0,-22.85764,-49.25362
27/mar,Reginópolis,0,0,0,0,0,-21.87493,-49.19025
27/mar,Tapiratiba,0,0,0,0,0,-21.44656,-46.73214
27/mar,Palmares Paulista,0,0,0,0,0,-21.10148,-48.82032
27/mar,Manduri,0,0,0,0,0,-23.05388,-49.30262
27/mar,Avaí,0,0,0,0,0,-22.17789,-49.30511
27/mar,Capelinha,0,0,0,0,0,-17.69167,-42.50214
27/mar,Sarapuí,0,0,0,0,0,-23.65898,-47.77095
27/mar,Ribeirão Branco,0,0,0,0,0,-24.26113,-48.77205
27/mar,Nhandeara,0,0,0,0,0,-20.66142,-50.05605
27/mar,São Luís do Paraitinga,0,0,0,0,0,-23.22167,-45.31
27/mar,Borborema,0,0,0,0,0,-21.61972,-49.07361
27/mar,Estrela D'Oeste,0,0,0,0,0,-20.27767,-50.40807
27/mar,Cristais Paulista,0,0,0,0,0,-20.36538,-47.373
27/mar,Cardoso,0,0,0,0,0,-13.43695,-42.10325
27/mar,Iaras,0,0,0,0,0,-22.83679,-49.10928
27/mar,Cabrália Paulista,0,0,0,0,0,-22.49155,-49.38637
27/mar,São Lourenço da Serra,0,0,0,0,0,-23.84783,-46.9393
27/mar,Pedrinhas Paulista,0,0,0,0,0,-22.80731,-50.82055
27/mar,Pradópolis,0,0,0,0,0,-21.35944,-48.06556
27/mar,Serra Azul,0,0,0,0,0,-21.28755,-47.53885
27/mar,Santa Cruz da Conceição,0,0,0,0,0,-22.12608,-47.49276
27/mar,Panorama,0,0,0,0,0,-21.50826,-51.87193
27/mar,Pedregulho,0,0,0,0,0,-20.25694,-47.47667
27/mar,Fernão,0,0,0,0,0,-14.56257,40.68538
27/mar,Bocaina,0,0,0,0,0,-22.0983,-48.51952
27/mar,Ribeirão Grande,0,0,0,0,0,-21.1775,-47.81028
27/mar,Parapuã,0,0,0,0,0,-21.84482,-50.8341
27/mar,Iepê,0,0,0,0,0,-22.65726,-51.04385
27/mar,Guará,0,0,0,0,0,-20.42833,-47.82417
27/mar,Flórida Paulista,0,0,0,0,0,-21.54193,-51.18066
27/mar,Rosana,0,0,0,0,0,-22.4925,-52.81942
27/mar,Alambari,0,0,0,0,0,-23.53745,-47.86273
27/mar,Palmeira D'Oeste,0,0,0,0,0,-20.45046,-50.75181
27/mar,Irapuru,0,0,0,0,0,-21.44903,-51.33959
27/mar,Angatuba,0,0,0,0,0,-23.48972,-48.41278
27/mar,Santa Rita do Ribeira,0,0,0,0,0,-24.15139,-47.31667
27/mar,Buritama,0,0,0,0,0,-21.06611,-50.14722
27/mar,Guapiara,0,0,0,0,0,-24.21726,-48.54523
27/mar,Potim,0,0,0,0,0,-22.82497,-45.30614
27/mar,Itaporanga,0,0,0,0,0,-11.07087,-37.33296
28/mar,Eldorado,0,100,0,0,0,-26.40843,-54.69463
28/mar,Piquete,0,100,0,0,0,-22.61361,-45.17611
28/mar,Jambeiro,0,100,0,0,0,-23.28154,-45.71217
28/mar,Panorama,0,100,0,0,0,-21.50826,-51.87193
28/mar,Pariquera-Açu,74,26,0,0,0,-24.66388,-47.84553
28/mar,Capela do Alto,79,21,0,0,0,-23.47056,-47.73472
28/mar,Santo Anastácio,26,74,0,0,0,-22.01522,-51.70097
28/mar,Santa Rosa de Viterbo,30,70,0,0,0,5.88515,-73.01344
28/mar,Cajati,37,63,0,0,0,-24.73611,-48.12278
28/mar,Araçariguama,33,67,0,0,0,-23.42294,-47.07816
28/mar,Lucélia,0,100,0,0,0,-21.72028,-51.01889
28/mar,Manduri,0,100,0,0,0,-23.05388,-49.30262
28/mar,Registro,20,53,10,0,17,-24.4875,-47.84361
28/mar,Cosmópolis,29,58,0,0,13,-22.64583,-47.19611
28/mar,Pirajuí,67,33,0,0,0,-21.99861,-49.45722
28/mar,Socorro,33,53,0,0,14,-10.855,-37.12611
28/mar,Presidente Venceslau,38,62,0,0,0,-21.87611,-51.84389
28/mar,Colina,62,38,0,0,0,22.18306,113.53194
28/mar,Santa Cruz das Palmeiras,31,69,0,0,0,-21.82694,-47.24861
28/mar,Pirapora do Bom Jesus,50,50,0,0,0,-23.37201,-46.97798
28/mar,Chavantes,0,100,0,0,0,-23.0346,-49.72321
28/mar,Iracemápolis,33,67,0,0,0,-22.61601,-47.51989
28/mar,Mogi Mirim,30,49,9,0,12,-22.43194,-46.95778
28/mar,Guararema,77,23,0,0,0,-23.43419,-46.06086
28/mar,Louveira,53,25,0,0,22,-23.08252,-46.93308
28/mar,Promissão,44,56,0,0,0,-21.53667,-49.85806
28/mar,Pitangueiras,40,60,0,0,0,-21.00944,-48.22167
28/mar,Santa Gertrudes,55,45,0,0,0,-22.45667,-47.53028
28/mar,Peruíbe,37,40,0,0,23,-24.32,-46.99833
28/mar,Barrinha,33,67,0,0,0,-21.19361,-48.16389
28/mar,Taquaritinga,38,62,0,0,0,-21.40611,-48.50472
28/mar,Conchal,50,50,0,0,0,-22.34611,-47.1362
28/mar,Bady Bassitt,60,40,0,0,0,-20.91806,-49.44528
28/mar,Luís Antônio,0,100,0,0,0,-21.55997,-47.81156
28/mar,Orlândia,50,50,0,0,0,-20.68905,-47.89527
28/mar,Penápolis,29,58,0,0,13,-21.41972,-50.0775
28/mar,Votuporanga,25,48,6,0,21,-20.42278,-49.97278
28/mar,Rio das Pedras,40,60,0,0,0,-22.84082,-47.59724
28/mar,Bebedouro,44,39,11,0,6,-20.94944,-48.47917
28/mar,Mococa,29,46,0,0,25,-21.46778,-47.00472
28/mar,Itápolis,45,55,0,0,0,-21.59556,-48.81278
28/mar,Casa Branca,65,35,0,0,0,-21.81396,-47.08264
28/mar,Pedreira,33,41,0,0,26,-22.75077,-46.89089
28/mar,São Caetano do Sul,29,48,9,0,14,-23.62306,-46.55111
28/mar,Mairiporã,46,48,0,0,6,-23.31861,-46.58667
28/mar,Pereira Barreto,62,38,0,0,0,-20.63833,-51.10917
28/mar,Serrana,36,44,0,0,20,-21.21139,-47.59556
28/mar,Hortolândia,30,42,9,0,19,-22.85833,-47.22
28/mar,Cerqueira César,63,37,0,0,0,-23.03556,-49.16611
28/mar,Morro Agudo,57,43,0,0,0,-20.73139,-48.05778
28/mar,São Vicente,31,43,9,2,15,16.89014,-24.98042
28/mar,Jaboticabal,36,48,0,0,16,-21.25472,-48.32222
28/mar,Bragança Paulista,29,42,10,0,19,-22.9527,-46.54418
28/mar,Carapicuíba,29,40,11,0,20,-23.52272,-46.835
28/mar,Engenheiro Coelho,38,62,0,0,0,-22.48904,-47.17256
28/mar,Caçapava,30,43,12,0,15,-23.10083,-45.70694
28/mar,Juquitiba,50,50,0,0,0,-23.93167,-47.06833
28/mar,Itatinga,63,37,0,0,0,-23.12572,-48.62341
28/mar,Santa Fé do Sul,41,59,0,0,0,-20.21111,-50.92583
28/mar,Itapetininga,31,37,9,0,23,-23.59167,-48.05306
28/mar,Arujá,38,30,11,0,21,-23.39611,-46.32083
28/mar,Itapeva,71,29,0,0,0,-23.94696,-48.83835
28/mar,Vargem Grande do Sul,54,46,0,0,0,-21.83222,-46.89361
28/mar,Campos do Jordão,57,30,0,0,13,-22.69537,-45.52622
28/mar,Ourinhos,38,31,11,0,20,-22.97889,-49.87056
28/mar,Osasco,28,43,8,1,20,-23.5325,-46.79167
28/mar,Suzano,29,45,6,0,20,-23.5425,-46.31083
28/mar,Itaporanga,0,100,0,0,0,-11.07087,-37.33296
28/mar,Fernandópolis,45,45,0,0,10,-20.28389,-50.24639
28/mar,Lençóis Paulista,39,31,16,0,14,-22.59861,-48.80028
28/mar,Itapevi,40,35,11,0,14,-23.54889,-46.93417
28/mar,Mirassol,45,35,0,0,20,-20.84158,-49.50879
28/mar,Jarinu,51,41,0,0,8,-23.10139,-46.72833
28/mar,Tatuí,28,44,8,0,20,-23.35556,-47.85694
28/mar,Atibaia,40,33,12,0,15,-23.11694,-46.55028
28/mar,Itaquaquecetuba,33,40,8,0,19,-23.48611,-46.34833
28/mar,Mauá,35,38,10,<1,17,-23.66778,-46.46139
28/mar,Votorantim,34,39,7,0,20,-23.54667,-47.43778
28/mar,Embu das Artes,37,37,9,0,17,-23.64889,-46.85222
28/mar,São Paulo,30,40,8,1,21,-23.5475,-46.63611
28/mar,Piraju,47,53,0,0,0,-23.19361,-49.38389
28/mar,Pindamonhangaba,37,39,8,0,16,-22.92389,-45.46167
28/mar,Tupã,42,46,0,0,12,-21.93472,-50.51361
28/mar,Salto,36,36,10,0,18,-31.38333,-57.96667
28/mar,São Sebastião,41,45,3,0,11,-23.76,-45.40972
28/mar,Aguaí,40,60,0,0,0,-22.0259,-47.06702
28/mar,Cerquilho,50,35,0,0,15,-23.165,-47.74361
28/mar,Bertioga,34,39,0,0,27,-23.85444,-46.13861
28/mar,Sorocaba,31,42,8,<1,19,-23.50167,-47.45806
28/mar,Franco da Rocha,35,38,14,0,13,-23.32167,-46.72694
28/mar,Iguape,50,50,0,0,0,-24.70806,-47.55528
28/mar,Igaraçu do Tietê,52,48,0,0,0,-22.50917,-48.55778
28/mar,São Manuel,43,57,0,0,0,-22.73111,-48.57056
28/mar,Poá,34,39,7,0,20,-23.52806,-46.34472
28/mar,Francisco Morato,35,39,9,0,17,-23.28167,-46.74528
28/mar,Bastos,44,56,0,0,0,-21.92194,-50.73389
28/mar,Guarujá,31,39,9,0,21,-23.99306,-46.25639
28/mar,Diadema,30,42,7,1,20,-23.68611,-46.62278
28/mar,Américo Brasiliense,50,50,0,0,0,-21.72444,-48.10167
28/mar,Campina do Monte Alegre,0,100,0,0,0,-23.61364,-48.45388
28/mar,Itararé,49,51,0,0,0,-24.1125,-49.33167
28/mar,Sumaré,30,42,8,0,20,-22.82194,-47.26694
28/mar,Cruzeiro,36,46,10,0,8,-22.57104,-45.00105
28/mar,Barueri,32,38,10,1,19,-23.51056,-46.87611
28/mar,Santo André,32,36,9,1,22,-23.66389,-46.53833
28/mar,Porto Feliz,40,48,0,0,12,-23.21472,-47.52389
28/mar,Lins,29,39,8,0,24,48.30639,14.28611
28/mar,Praia Grande,33,37,8,<1,22,-24.00583,-46.40278
28/mar,Mairinque,51,49,0,0,0,-23.54583,-47.18333
28/mar,São Carlos,34,39,8,0,19,-22.0175,-47.89083
28/mar,Campinas,31,40,7,<1,22,-22.90556,-47.06083
28/mar,Aparecida,43,57,0,0,0,-22.84694,-45.22972
28/mar,Embu-Guaçu,33,30,9,0,28,-23.83222,-46.81139
28/mar,Jacareí,31,42,8,0,19,-23.30528,-45.96583
28/mar,Ribeirão Pires,32,37,15,0,16,-23.71056,-46.41333
28/mar,Indaiatuba,33,37,9,0,21,-23.08842,-47.2119
28/mar,Guapiaçu,50,50,0,0,0,-20.72593,-49.16413
28/mar,Mirandópolis,63,37,0,0,0,-21.12459,-51.15123
28/mar,Piracicaba,35,38,11,0,16,-22.72528,-47.64917
28/mar,Franca,39,41,6,0,14,46.0,2.0
28/mar,Amparo,42,21,0,0,37,-22.70845,-46.80148
28/mar,Ibitinga,36,39,0,0,25,-21.75778,-48.82889
28/mar,Limeira,34,39,7,0,20,-22.56472,-47.40167
28/mar,São Bernardo do Campo,32,37,9,1,21,-23.69389,-46.565
28/mar,Ibiúna,34,29,0,0,37,-23.83577,-47.21076
28/mar,Osvaldo Cruz,60,40,0,0,0,-21.79667,-50.87861
28/mar,Barra Bonita,37,32,0,0,31,-26.68537,-53.41393
28/mar,Andradina,57,34,0,0,9,-20.89611,-51.37944
28/mar,Jundiaí,35,39,8,<1,18,-23.18639,-46.88417
28/mar,Boituva,45,38,0,0,17,-23.31012,-47.68519
28/mar,Descalvado,60,40,0,0,0,-21.87915,-47.65919
28/mar,Guararapes,49,51,0,0,0,-21.26083,-50.64278
28/mar,Espírito Santo do Pinhal,65,35,0,0,0,-22.189,-46.78421
28/mar,Mongaguá,36,29,8,0,27,-24.05741,-46.66836
28/mar,Cajamar,35,31,6,0,28,-23.35193,-46.88129
28/mar,Cotia,32,31,10,0,27,-23.60389,-46.91917
28/mar,Porto Ferreira,44,34,0,0,22,-21.85389,-47.47917
28/mar,São Roque,33,26,15,0,26,32.66568,-16.92547
28/mar,Dracena,53,47,0,0,0,-21.57936,-51.59598
28/mar,Charqueada,50,50,0,0,0,-22.53724,-47.7377
28/mar,Brotas,56,44,0,0,0,-22.28417,-48.12667
28/mar,Cabreúva,42,37,0,0,21,-23.3075,-47.13278
28/mar,Rio Claro,37,38,9,0,16,10.30594,-61.17556
28/mar,Biritiba-Mirim,68,32,0,0,0,-23.5725,-46.03861
28/mar,Guariba,49,51,0,0,0,-21.39568,-48.20427
28/mar,Valparaíso,59,41,0,0,0,-33.036,-71.62963
28/mar,Bom Jesus dos Perdões,84,16,0,0,0,-23.16488,-46.47118
28/mar,Conchas,66,34,0,0,0,-23.01528,-48.01056
28/mar,Araçoiaba da Serra,76,24,0,0,0,-23.50528,-47.61417
28/mar,Santo Antônio de Posse,50,50,0,0,0,-22.60438,-46.94759
28/mar,Torre de Pedra,0,0,0,0,0,-23.2464,-48.21328
28/mar,Ribeirão Grande,0,0,0,0,0,-21.1775,-47.81028
28/mar,Sarapuí,0,0,0,0,0,-23.65898,-47.77095
28/mar,Joanópolis,0,0,0,0,0,-22.93028,-46.27556
28/mar,Santa Mercedes,0,0,0,0,0,-21.31829,-51.74637
28/mar,Barra do Chapéu,0,0,0,0,0,-24.44047,-49.08615
28/mar,Sarutaiá,0,0,0,0,0,-23.25823,-49.48372
28/mar,Tapiratiba,0,0,0,0,0,-21.44656,-46.73214
28/mar,Ribeirão Branco,0,0,0,0,0,-24.26113,-48.77205
28/mar,Itobi,0,0,0,0,0,-21.74902,-46.93051
28/mar,Pedro de Toledo,0,0,0,0,0,-24.1702,-47.17239
28/mar,Estrela D'Oeste,0,0,0,0,0,-20.27767,-50.40807
28/mar,Reginópolis,0,0,0,0,0,-21.87493,-49.19025
28/mar,Macatuba,0,0,0,0,0,-22.50222,-48.71139
28/mar,Salesópolis,0,0,0,0,0,-23.58753,-45.84743
28/mar,Tabatinga,0,0,0,0,0,-21.7421,-48.64589
28/mar,Angatuba,0,0,0,0,0,-23.48972,-48.41278
28/mar,Iaras,0,0,0,0,0,-22.83679,-49.10928
28/mar,Pereiras,0,0,0,0,0,-23.1215,-47.97614
28/mar,Juquiá,0,0,0,0,0,-24.18961,-47.6354
28/mar,Inúbia Paulista,0,0,0,0,0,-21.72002,-50.94738
28/mar,Cristais Paulista,0,0,0,0,0,-20.36538,-47.373
28/mar,Bocaina,0,0,0,0,0,-22.0983,-48.51952
28/mar,Serra Azul,0,0,0,0,0,-21.28755,-47.53885
28/mar,Fernão,0,0,0,0,0,-14.56257,40.68538
28/mar,Teodoro Sampaio,0,0,0,0,0,-12.26547,-38.61211
28/mar,Buritizal,0,0,0,0,0,-20.21345,-47.70776
28/mar,Santo Antônio do Pinhal,0,0,0,0,0,-22.82143,-45.69968
28/mar,Nhandeara,0,0,0,0,0,-20.66142,-50.05605
28/mar,Palmital,0,0,0,0,0,-22.81598,-50.22953
28/mar,Tupi Paulista,0,0,0,0,0,-21.38111,-51.57056
28/mar,Pacaembu,0,0,0,0,0,-21.56222,-51.26056
28/mar,Santa Rita do Ribeira,0,0,0,0,0,-24.15139,-47.31667
28/mar,Itapuí,0,0,0,0,0,-22.25044,-48.69737
28/mar,Agudos,0,0,0,0,0,-22.58942,-49.16164
28/mar,Palmeira D'Oeste,0,0,0,0,0,-20.45046,-50.75181
28/mar,Iperó,0,0,0,0,0,-23.35028,-47.68861
28/mar,Echaporã,0,0,0,0,0,-22.4108,-50.18262
28/mar,Guapiara,0,0,0,0,0,-24.21726,-48.54523
28/mar,Águas da Prata,0,0,0,0,0,-21.91623,-46.68666
28/mar,Taguaí,0,0,0,0,0,-23.48512,-49.40781
28/mar,Buritama,0,0,0,0,0,-21.06611,-50.14722
28/mar,Quatá,0,0,0,0,0,-22.21146,-50.64957
28/mar,Avaí,0,0,0,0,0,-22.17789,-49.30511
28/mar,Jaci,0,0,0,0,0,-20.94747,-49.57606
28/mar,São Luís do Paraitinga,0,0,0,0,0,-23.22167,-45.31
28/mar,Quintana,0,0,0,0,0,19.66667,-88.25
28/mar,Piedade,0,0,0,0,0,-23.80789,-47.43506
28/mar,Tarumã,0,0,0,0,0,-22.76111,-50.60332
28/mar,Potim,0,0,0,0,0,-22.82497,-45.30614
29/mar,Capela do Alto,37,63,0,0,0,-23.47056,-47.73472
29/mar,Santa Rosa de Viterbo,43,57,0,0,0,5.88515,-73.01344
29/mar,Conchas,66,34,0,0,0,-23.01528,-48.01056
29/mar,Tabapuã,0,100,0,0,0,-20.92377,-49.02475
29/mar,Eldorado,0,100,0,0,0,-26.40843,-54.69463
29/mar,Brotas,70,30,0,0,0,-22.28417,-48.12667
29/mar,Piedade,37,63,0,0,0,-23.80789,-47.43506
29/mar,Lorena,24,47,6,0,23,48.76667,6.13333
29/mar,Barrinha,43,57,0,0,0,-21.19361,-48.16389
29/mar,Tremembé,32,45,0,0,23,-22.95833,-45.54944
29/mar,Pariquera-Açu,76,24,0,0,0,-24.66388,-47.84553
29/mar,Rancharia,68,32,0,0,0,-22.22917,-50.89306
29/mar,Mairiporã,28,46,0,0,26,-23.31861,-46.58667
29/mar,Monte Aprazível,53,47,0,0,0,-20.7725,-49.71417
29/mar,Socorro,40,50,0,0,10,-10.855,-37.12611
29/mar,Pirajuí,77,23,0,0,0,-21.99861,-49.45722
29/mar,Santa Cruz das Palmeiras,63,37,0,0,0,-21.82694,-47.24861
29/mar,Serrana,56,33,0,0,11,-21.21139,-47.59556
29/mar,Viradouro,0,100,0,0,0,-20.87625,-48.31479
29/mar,Cajuru,61,39,0,0,0,-21.27528,-47.30417
29/mar,Tanabi,52,48,0,0,0,-20.62639,-49.64917
29/mar,Registro,26,42,7,0,25,-24.4875,-47.84361
29/mar,Mogi Mirim,29,50,4,0,17,-22.43194,-46.95778
29/mar,Cubatão,31,43,10,0,16,-23.895,-46.42528
29/mar,Palmeira D'Oeste,0,100,0,0,0,-20.45046,-50.75181
29/mar,Santa Adélia,39,61,0,0,0,-21.24278,-48.80417
29/mar,Rio Claro,31,50,5,0,14,10.30594,-61.17556
29/mar,São Pedro,51,49,0,0,0,-22.83917,-42.10278
29/mar,Itapira,28,53,0,0,19,-22.43611,-46.82167
29/mar,Cajati,45,55,0,0,0,-24.73611,-48.12278
29/mar,Araçariguama,59,41,0,0,0,-23.42294,-47.07816
29/mar,Cachoeira Paulista,53,47,0,0,0,-22.70115,-44.99229
29/mar,Ourinhos,24,44,6,0,26,-22.97889,-49.87056
29/mar,Charqueada,56,44,0,0,0,-22.53724,-47.7377
29/mar,Embu-Guaçu,34,28,13,0,25,-23.83222,-46.81139
29/mar,Cesário Lange,61,39,0,0,0,-23.21195,-47.88465
29/mar,Cravinhos,76,24,0,0,0,-21.34028,-47.72944
29/mar,Jarinu,35,52,0,0,13,-23.10139,-46.72833
29/mar,São Roque,46,32,11,0,11,32.66568,-16.92547
29/mar,Santo Antônio de Posse,74,26,0,0,0,-22.60438,-46.94759
29/mar,Cotia,39,31,6,0,24,-23.60389,-46.91917
29/mar,Itapeva,67,33,0,0,0,-23.94696,-48.83835
29/mar,São Vicente,31,40,7,2,20,16.89014,-24.98042
29/mar,Itápolis,43,57,0,0,0,-21.59556,-48.81278
29/mar,Tietê,44,56,0,0,0,-20.63161,-51.55063
29/mar,Vinhedo,45,34,8,0,13,-23.02972,-46.97528
29/mar,Suzano,29,40,7,0,24,-23.5425,-46.31083
29/mar,Itararé,72,28,0,0,0,-24.1125,-49.33167
29/mar,Jaguariúna,35,53,0,0,12,-22.69473,-47.01728
29/mar,Guapiaçu,68,32,0,0,0,-20.72593,-49.16413
29/mar,Itapetininga,38,28,16,0,18,-23.59167,-48.05306
29/mar,Votorantim,37,37,15,0,11,-23.54667,-47.43778
29/mar,Orlândia,51,49,0,0,0,-20.68905,-47.89527
29/mar,Pederneiras,53,47,0,0,0,-22.35167,-48.775
29/mar,São João da Boa Vista,39,35,11,0,15,-21.96917,-46.79806
29/mar,Divinolândia,41,59,0,0,0,-21.66459,-46.7045
29/mar,Osasco,30,42,9,<1,19,-23.5325,-46.79167
29/mar,Taquarituba,56,44,0,0,0,-23.52998,-49.21441
29/mar,Tatuí,33,39,8,0,20,-23.35556,-47.85694
29/mar,Américo Brasiliense,58,42,0,0,0,-21.72444,-48.10167
29/mar,Jales,41,41,0,0,18,-20.26889,-50.54583
29/mar,São Paulo,33,37,8,<1,22,-23.5475,-46.63611
29/mar,Novo Horizonte,59,41,0,0,0,-21.46806,-49.22083
29/mar,Agudos,71,29,0,0,0,-22.58942,-49.16164
29/mar,Pindamonhangaba,32,42,10,0,16,-22.92389,-45.46167
29/mar,Peruíbe,47,40,0,0,13,-24.32,-46.99833
29/mar,Andradina,61,28,0,0,11,-20.89611,-51.37944
29/mar,Santo André,31,38,8,1,22,-23.66389,-46.53833
29/mar,Poá,38,26,8,0,28,-23.52806,-46.34472
29/mar,Ibitinga,43,23,0,0,34,-21.75778,-48.82889
29/mar,Caraguatatuba,30,42,7,0,21,-23.62028,-45.41306
29/mar,Santos,29,40,9,<1,22,-23.96083,-46.33361
29/mar,Barueri,32,39,7,<1,22,-23.51056,-46.87611
29/mar,Indaiatuba,40,30,12,0,18,-23.08842,-47.2119
29/mar,Mongaguá,29,36,4,0,31,-24.05741,-46.66836
29/mar,Pereira Barreto,70,30,0,0,0,-20.63833,-51.10917
29/mar,Boituva,49,31,0,0,20,-23.31012,-47.68519
29/mar,Francisco Morato,41,29,11,0,19,-23.28167,-46.74528
29/mar,Iracemápolis,40,60,0,0,0,-22.61601,-47.51989
29/mar,Ituverava,62,38,0,0,0,-20.30007,-47.82592
29/mar,São Sebastião,41,31,12,0,16,-23.76,-45.40972
29/mar,Porto Feliz,40,35,0,0,25,-23.21472,-47.52389
29/mar,Birigui,41,26,18,0,15,-21.28861,-50.34
29/mar,Embu das Artes,38,29,9,0,24,-23.64889,-46.85222
29/mar,Itaquaquecetuba,33,34,8,0,25,-23.48611,-46.34833
29/mar,Campos do Jordão,43,38,0,0,19,-22.69537,-45.52622
29/mar,Itanhaém,28,36,7,0,29,-24.18306,-46.78889
29/mar,São Bernardo do Campo,31,36,11,<1,22,-23.69389,-46.565
29/mar,Louveira,45,35,0,0,20,-23.08252,-46.93308
29/mar,Bauru,31,42,5,0,22,-22.31472,-49.06056
29/mar,Mauá,32,36,8,<1,24,-23.66778,-46.46139
29/mar,Carapicuíba,37,33,9,0,21,-23.52272,-46.835
29/mar,Descalvado,78,22,0,0,0,-21.87915,-47.65919
29/mar,Sorocaba,31,40,7,<1,22,-23.50167,-47.45806
29/mar,Praia Grande,31,34,9,<1,26,-24.00583,-46.40278
29/mar,Franco da Rocha,38,32,12,0,18,-23.32167,-46.72694
29/mar,Engenheiro Coelho,71,29,0,0,0,-22.48904,-47.17256
29/mar,Itapevi,34,28,9,0,29,-23.54889,-46.93417
29/mar,Diadema,32,37,8,<1,23,-23.68611,-46.62278
29/mar,Arujá,33,36,7,0,24,-23.39611,-46.32083
29/mar,São Caetano do Sul,35,35,9,0,21,-23.62306,-46.55111
29/mar,Araras,36,39,15,0,10,-22.35694,-47.38417
29/mar,Conchal,44,56,0,0,0,-22.34611,-47.1362
29/mar,Mogi das Cruzes,35,34,10,<1,21,-23.52278,-46.18833
29/mar,Atibaia,41,31,8,0,20,-23.11694,-46.55028
29/mar,Campinas,31,40,7,<1,22,-22.90556,-47.06083
29/mar,Salto,33,37,5,0,25,-31.38333,-57.96667
29/mar,Santa Cruz do Rio Pardo,34,26,0,0,40,-22.89889,-49.6325
29/mar,Juquitiba,84,16,0,0,0,-23.93167,-47.06833
29/mar,Piraju,46,54,0,0,0,-23.19361,-49.38389
29/mar,Itu,33,37,11,0,19,-23.26417,-47.29917
29/mar,Cananéia,0,100,0,0,0,-24.98104,-48.00093
29/mar,Aparecida,58,42,0,0,0,-22.84694,-45.22972
29/mar,Ilhabela,40,37,0,0,23,-23.8484,-45.32321
29/mar,Ilha Solteira,53,47,0,0,0,-20.35123,-51.15423
29/mar,Pirassununga,40,44,0,0,16,-21.99611,-47.42583
29/mar,Sumaré,34,36,7,0,23,-22.82194,-47.26694
29/mar,Catanduva,43,33,8,0,16,-21.13778,-48.97278
29/mar,Guarujá,28,33,8,2,29,-23.99306,-46.25639
29/mar,Cosmópolis,44,32,0,0,24,-22.64583,-47.19611
29/mar,Pedreira,40,38,0,0,22,-22.75077,-46.89089
29/mar,Várzea Paulista,33,32,14,0,21,-23.21139,-46.82833
29/mar,Paranapanema,79,21,0,0,0,-23.48856,-48.75931
29/mar,Mairinque,60,40,0,0,0,-23.54583,-47.18333
29/mar,Amparo,45,18,0,0,37,-22.70845,-46.80148
29/mar,Artur Nogueira,42,35,0,0,23,-22.57306,-47.1725
29/mar,Avaré,36,23,12,0,29,-23.09861,-48.92583
29/mar,Taguaí,0,100,0,0,0,-23.48512,-49.40781
29/mar,Holambra,57,43,0,0,0,-22.63825,-47.06501
29/mar,Jaboticabal,37,40,0,0,23,-21.25472,-48.32222
29/mar,Bragança Paulista,32,32,9,0,27,-22.9527,-46.54418
29/mar,Penápolis,44,38,0,0,18,-21.41972,-50.0775
29/mar,Caieiras,30,34,7,0,29,-23.38134,-46.73815
29/mar,Jaú,36,31,7,0,26,-22.29639,-48.55778
29/mar,Santa Bárbara D'Oeste,36,35,12,0,17,-22.75361,-47.41361
29/mar,São José dos Campos,35,35,9,<1,21,-23.17944,-45.88694
29/mar,Itobi,0,100,0,0,0,-21.74902,-46.93051
29/mar,Presidente Venceslau,54,46,0,0,0,-21.87611,-51.84389
29/mar,Barretos,33,30,6,0,31,-20.55722,-48.56778
29/mar,Franca,39,36,8,0,17,46.0,2.0
29/mar,Jundiaí,33,34,7,<1,26,-23.18639,-46.88417
29/mar,Hortolândia,36,37,9,0,18,-22.85833,-47.22
29/mar,São Carlos,40,29,11,0,20,-22.0175,-47.89083
29/mar,São José do Rio Pardo,56,44,0,0,0,-21.59556,-46.88861
29/mar,Taboão da Serra,42,37,0,0,21,-23.62611,-46.79167
29/mar,Bady Bassitt,77,23,0,0,0,-20.91806,-49.44528
29/mar,Mirandópolis,68,32,0,0,0,-21.12459,-51.15123
29/mar,Capão Bonito,49,51,0,0,0,-24.00583,-48.34944
29/mar,Campo Limpo Paulista,35,34,9,0,22,-23.21599,-46.75842
29/mar,Ibiúna,36,27,0,0,37,-23.83577,-47.21076
29/mar,Itupeva,32,29,11,0,28,-23.15306,-47.05778
29/mar,Cristais Paulista,0,0,0,0,0,-20.36538,-47.373
29/mar,Guapiara,0,0,0,0,0,-24.21726,-48.54523
29/mar,Ouroeste,0,0,0,0,0,-19.9376,-50.41455
29/mar,Bernardino de Campos,0,0,0,0,0,-23.02698,-49.49277
29/mar,Cabrália Paulista,0,0,0,0,0,-22.49155,-49.38637
29/mar,Echaporã,0,0,0,0,0,-22.4108,-50.18262
29/mar,Ribeirão Grande,0,0,0,0,0,-21.1775,-47.81028
29/mar,Sarutaiá,0,0,0,0,0,-23.25823,-49.48372
29/mar,Buritizal,0,0,0,0,0,-20.21345,-47.70776
29/mar,Águas da Prata,0,0,0,0,0,-21.91623,-46.68666
29/mar,Vista Alegre do Alto,0,0,0,0,0,-21.18019,-48.65482
29/mar,Santa Mercedes,0,0,0,0,0,-21.31829,-51.74637
29/mar,Piquete,0,0,0,0,0,-22.61361,-45.17611
29/mar,Angatuba,0,0,0,0,0,-23.48972,-48.41278
29/mar,Pedra Bela,0,0,0,0,0,-22.76397,-46.43708
29/mar,Pacaembu,0,0,0,0,0,-21.56222,-51.26056
29/mar,Monte Castelo,0,0,0,0,0,-26.61655,-50.28851
29/mar,Potirendaba,0,0,0,0,0,-21.10737,-49.39808
29/mar,Sarapuí,0,0,0,0,0,-23.65898,-47.77095
29/mar,Jacupiranga,0,0,0,0,0,-24.6925,-48.00222
29/mar,Euclides da Cunha Paulista,0,0,0,0,0,-22.5171,-52.59099
29/mar,São Luís do Paraitinga,0,0,0,0,0,-23.22167,-45.31
29/mar,Patrocínio Paulista,0,0,0,0,0,-20.68707,-47.28437
29/mar,Quatá,0,0,0,0,0,-22.21146,-50.64957
29/mar,Inúbia Paulista,0,0,0,0,0,-21.72002,-50.94738
29/mar,Panorama,0,0,0,0,0,-21.50826,-51.87193
29/mar,Borborema,0,0,0,0,0,-21.61972,-49.07361
29/mar,Mirante do Paranapanema,0,0,0,0,0,-22.35109,-51.97126
29/mar,Corumbataí,0,0,0,0,0,-22.21698,-47.59961
29/mar,Manduri,0,0,0,0,0,-23.05388,-49.30262
29/mar,Salesópolis,0,0,0,0,0,-23.58753,-45.84743
29/mar,Itapuí,0,0,0,0,0,-22.25044,-48.69737
29/mar,Reginópolis,0,0,0,0,0,-21.87493,-49.19025
29/mar,Areiópolis,0,0,0,0,0,-22.60627,-48.65273
29/mar,Riversul,0,0,0,0,0,-23.84439,-49.44354
29/mar,Ribeira,0,0,0,0,0,16.61667,-24.2
29/mar,Taciba,0,0,0,0,0,-22.49676,-51.33241
29/mar,Taiaçu,0,0,0,0,0,-21.13217,-48.53092
29/mar,Quadra,0,0,0,0,0,-23.30027,-48.04264
29/mar,Buritama,0,0,0,0,0,-21.06611,-50.14722
29/mar,Ribeirão do Sul,0,0,0,0,0,-22.74112,-49.94632
29/mar,Piracaia,0,0,0,0,0,-23.05389,-46.35806
29/mar,Tambaú,0,0,0,0,0,-21.58688,-47.22761
29/mar,Santa Rita do Ribeira,0,0,0,0,0,-24.15139,-47.31667
29/mar,Buri,0,0,0,0,0,13.3622,100.98345
29/mar,São Bento do Sapucaí,0,0,0,0,0,-22.67091,-45.68394
29/mar,Jambeiro,0,0,0,0,0,-23.28154,-45.71217
29/mar,Pirapora do Bom Jesus,0,0,0,0,0,-23.37201,-46.97798
29/mar,Urupês,0,0,0,0,0,-21.18413,-49.28069
30/mar,Manduri,0,100,0,0,0,-23.05388,-49.30262
30/mar,Rancharia,27,73,0,0,0,-22.22917,-50.89306
30/mar,Santo Anastácio,20,80,0,0,0,-22.01522,-51.70097
30/mar,Serrana,58,30,0,0,12,-21.21139,-47.59556
30/mar,Itobi,0,100,0,0,0,-21.74902,-46.93051
30/mar,Potim,0,100,0,0,0,-22.82497,-45.30614
30/mar,Santa Rosa de Viterbo,73,27,0,0,0,5.88515,-73.01344
30/mar,Pariquera-Açu,66,34,0,0,0,-24.66388,-47.84553
30/mar,Valparaíso,68,32,0,0,0,-33.036,-71.62963
30/mar,Guararema,36,64,0,0,0,-23.43419,-46.06086
30/mar,Itariri,0,100,0,0,0,-24.2888,-47.13325
30/mar,Brotas,58,42,0,0,0,-22.28417,-48.12667
30/mar,Lindóia,30,70,0,0,0,-22.5125,-46.65352
30/mar,Pedro de Toledo,0,100,0,0,0,-24.1702,-47.17239
30/mar,Lucélia,0,100,0,0,0,-21.72028,-51.01889
30/mar,Penápolis,36,53,0,0,11,-21.41972,-50.0775
30/mar,Cordeirópolis,43,57,0,0,0,-22.48194,-47.45667
30/mar,Juquitiba,66,34,0,0,0,-23.93167,-47.06833
30/mar,Taguaí,0,100,0,0,0,-23.48512,-49.40781
30/mar,Itupeva,23,48,9,0,20,-23.15306,-47.05778
30/mar,Ubatuba,33,46,5,0,16,-23.43389,-45.07111
30/mar,Pereiras,0,100,0,0,0,-23.1215,-47.97614
30/mar,Itatiba,31,50,8,0,11,-23.00583,-46.83889
30/mar,Piraju,33,67,0,0,0,-23.19361,-49.38389
30/mar,Cabreúva,27,54,0,0,19,-23.3075,-47.13278
30/mar,Mococa,31,46,0,0,23,-21.46778,-47.00472
30/mar,Tambaú,53,47,0,0,0,-21.58688,-47.22761
30/mar,Araçatuba,32,46,9,0,13,-21.20889,-50.43278
30/mar,Buritama,84,16,0,0,0,-21.06611,-50.14722
30/mar,Santa Gertrudes,40,60,0,0,0,-22.45667,-47.53028
30/mar,Socorro,47,20,0,0,33,-10.855,-37.12611
30/mar,Limeira,32,47,7,0,14,-22.56472,-47.40167
30/mar,Palmital,59,41,0,0,0,-22.81598,-50.22953
30/mar,Franco da Rocha,47,20,10,0,23,-23.32167,-46.72694
30/mar,Biritiba-Mirim,72,28,0,0,0,-23.5725,-46.03861
30/mar,Santo Antônio de Posse,67,33,0,0,0,-22.60438,-46.94759
30/mar,Araras,34,41,10,0,15,-22.35694,-47.38417
30/mar,São Lourenço da Serra,0,100,0,0,0,-23.84783,-46.9393
30/mar,Álvares Machado,56,44,0,0,0,-22.14018,-51.50417
30/mar,Severínia,55,45,0,0,0,-20.78066,-48.79037
30/mar,Embu das Artes,30,39,6,0,25,-23.64889,-46.85222
30/mar,Conchal,56,44,0,0,0,-22.34611,-47.1362
30/mar,Tremembé,62,24,0,0,14,-22.95833,-45.54944
30/mar,São Vicente,26,44,5,3,22,16.89014,-24.98042
30/mar,Cerquilho,30,49,0,0,21,-23.165,-47.74361
30/mar,Mairiporã,33,40,0,0,27,-23.31861,-46.58667
30/mar,Ibitinga,36,45,0,0,19,-21.75778,-48.82889
30/mar,Francisco Morato,33,36,5,0,26,-23.28167,-46.74528
30/mar,Santa Isabel,36,41,0,0,23,17.99663,-66.38711
30/mar,Campo Limpo Paulista,30,41,12,0,17,-23.21599,-46.75842
30/mar,Iperó,41,59,0,0,0,-23.35028,-47.68861
30/mar,Caçapava,37,43,8,0,12,-23.10083,-45.70694
30/mar,Pedreira,52,28,0,0,20,-22.75077,-46.89089
30/mar,Cruzeiro,32,50,7,0,11,-22.57104,-45.00105
30/mar,Itararé,43,57,0,0,0,-24.1125,-49.33167
30/mar,Bragança Paulista,32,44,9,0,15,-22.9527,-46.54418
30/mar,Guapiaçu,47,53,0,0,0,-20.72593,-49.16413
30/mar,Ribeira,0,100,0,0,0,16.61667,-24.2
30/mar,Itapeva,38,62,0,0,0,-23.94696,-48.83835
30/mar,Guará,0,100,0,0,0,-20.42833,-47.82417
30/mar,Vinhedo,34,48,7,0,11,-23.02972,-46.97528
30/mar,Paranapanema,50,50,0,0,0,-23.48856,-48.75931
30/mar,Cajamar,33,41,3,0,23,-23.35193,-46.88129
30/mar,Santo André,29,40,7,1,23,-23.66389,-46.53833
30/mar,Itanhaém,34,41,12,0,13,-24.18306,-46.78889
30/mar,Macatuba,0,100,0,0,0,-22.50222,-48.71139
30/mar,Osvaldo Cruz,89,11,0,0,0,-21.79667,-50.87861
30/mar,Divinolândia,43,57,0,0,0,-21.66459,-46.7045
30/mar,Pindamonhangaba,35,46,8,0,11,-22.92389,-45.46167
30/mar,São Joaquim da Barra,40,60,0,0,0,-20.58139,-47.85472
30/mar,Tatuí,31,36,7,0,26,-23.35556,-47.85694
30/mar,Artur Nogueira,42,41,0,0,17,-22.57306,-47.1725
30/mar,Ibiúna,39,49,0,0,12,-23.83577,-47.21076
30/mar,Itaquaquecetuba,38,32,10,0,20,-23.48611,-46.34833
30/mar,Cotia,35,37,11,0,17,-23.60389,-46.91917
30/mar,Ipaussu,50,50,0,0,0,-23.05667,-49.62639
30/mar,Assis,34,46,9,0,11,-22.66167,-50.41222
30/mar,São Paulo,30,40,7,<1,23,-23.5475,-46.63611
30/mar,São Manuel,40,60,0,0,0,-22.73111,-48.57056
30/mar,Fernandópolis,28,40,0,0,32,-20.28389,-50.24639
30/mar,São João da Boa Vista,29,42,2,0,27,-21.96917,-46.79806
30/mar,Rio Grande da Serra,62,38,0,0,0,-23.73345,-46.37351
30/mar,Pontal,64,36,0,0,0,-10.15333,-36.13472
30/mar,Jales,39,35,0,0,26,-20.26889,-50.54583
30/mar,São Bernardo do Campo,32,38,8,1,21,-23.69389,-46.565
30/mar,Piedade,43,57,0,0,0,-23.80789,-47.43506
30/mar,Caieiras,34,34,9,0,23,-23.38134,-46.73815
30/mar,Taubaté,29,40,7,0,24,-23.02639,-45.55528
30/mar,Mauá,32,36,9,<1,23,-23.66778,-46.46139
30/mar,Carapicuíba,32,36,10,0,22,-23.52272,-46.835
30/mar,Santa Bárbara D'Oeste,29,39,10,0,22,-22.75361,-47.41361
30/mar,Bebedouro,41,30,11,0,18,-20.94944,-48.47917
30/mar,Arujá,36,29,11,0,24,-23.39611,-46.32083
30/mar,Viradouro,0,100,0,0,0,-20.87625,-48.31479
30/mar,Praia Grande,28,38,8,1,25,-24.00583,-46.40278
30/mar,Adamantina,43,57,0,0,0,-21.59136,-51.06669
30/mar,Buri,62,38,0,0,0,13.3622,100.98345
30/mar,Jundiaí,31,41,7,<1,21,-23.18639,-46.88417
30/mar,Taquaritinga,52,48,0,0,0,-21.40611,-48.50472
30/mar,Jarinu,33,28,0,0,39,-23.10139,-46.72833
30/mar,Diadema,31,40,7,<1,22,-23.68611,-46.62278
30/mar,Rio das Pedras,50,50,0,0,0,-22.84082,-47.59724
30/mar,Botucatu,31,44,5,0,20,-22.88583,-48.445
30/mar,Barretos,32,40,8,0,20,-20.55722,-48.56778
30/mar,Dracena,45,55,0,0,0,-21.57936,-51.59598
30/mar,Itapevi,37,34,10,0,19,-23.54889,-46.93417
30/mar,Louveira,31,43,0,0,26,-23.08252,-46.93308
30/mar,Novo Horizonte,45,55,0,0,0,-21.46806,-49.22083
30/mar,Boituva,35,42,0,0,23,-23.31012,-47.68519
30/mar,Registro,38,34,8,0,20,-24.4875,-47.84361
30/mar,Suzano,30,38,6,0,26,-23.5425,-46.31083
30/mar,São Caetano do Sul,32,37,10,0,21,-23.62306,-46.55111
30/mar,Itatinga,100,0,0,0,0,-23.12572,-48.62341
30/mar,Angatuba,0,100,0,0,0,-23.48972,-48.41278
30/mar,Avaré,34,34,13,0,19,-23.09861,-48.92583
30/mar,Osasco,35,34,7,<1,24,-23.5325,-46.79167
30/mar,Itapira,44,42,0,0,14,-22.43611,-46.82167
30/mar,Votorantim,32,35,12,0,21,-23.54667,-47.43778
30/mar,Poá,36,37,11,0,16,-23.52806,-46.34472
30/mar,Holambra,55,45,0,0,0,-22.63825,-47.06501
30/mar,Descalvado,71,29,0,0,0,-21.87915,-47.65919
30/mar,Bauru,32,39,7,0,22,-22.31472,-49.06056
30/mar,Leme,42,28,8,0,22,-22.18556,-47.39028
30/mar,São Roque,40,31,8,0,21,32.66568,-16.92547
30/mar,Pitangueiras,51,49,0,0,0,-21.00944,-48.22167
30/mar,Salto,35,35,15,0,15,-31.38333,-57.96667
30/mar,Mogi das Cruzes,36,33,9,<1,22,-23.52278,-46.18833
30/mar,Fartura,67,33,0,0,0,-23.38833,-49.51
30/mar,Porto Feliz,47,40,0,0,13,-23.21472,-47.52389
30/mar,Várzea Paulista,34,36,13,0,17,-23.21139,-46.82833
30/mar,Barueri,33,37,7,<1,23,-23.51056,-46.87611
30/mar,Indaiatuba,36,39,6,0,19,-23.08842,-47.2119
30/mar,Orlândia,46,54,0,0,0,-20.68905,-47.89527
30/mar,Sorocaba,30,39,10,1,20,-23.50167,-47.45806
30/mar,Amparo,42,31,0,0,27,-22.70845,-46.80148
30/mar,Birigui,32,31,12,0,25,-21.28861,-50.34
30/mar,Andradina,42,32,0,0,26,-20.89611,-51.37944
30/mar,São José dos Campos,33,38,8,1,20,-23.17944,-45.88694
30/mar,Capela do Alto,61,39,0,0,0,-23.47056,-47.73472
30/mar,Santa Adélia,57,43,0,0,0,-21.24278,-48.80417
30/mar,São Sebastião,32,38,11,0,19,-23.76,-45.40972
30/mar,Jaú,36,37,6,0,21,-22.29639,-48.55778
30/mar,Vargem Grande Paulista,35,39,0,0,26,-23.62856,-47.01914
30/mar,Campos do Jordão,64,23,0,0,13,-22.69537,-45.52622
30/mar,Pompéia,50,50,0,0,0,-22.04169,-50.20123
30/mar,Franca,35,40,5,0,20,46.0,2.0
30/mar,Lins,40,42,6,0,12,48.30639,14.28611
30/mar,Batatais,47,22,0,0,31,-20.83515,-47.56742
30/mar,São Carlos,35,37,6,0,22,-22.0175,-47.89083
30/mar,Porto Ferreira,55,35,0,0,10,-21.85389,-47.47917
30/mar,Laranjal Paulista,51,49,0,0,0,-23.04972,-47.83667
30/mar,Ilha Solteira,56,44,0,0,0,-20.35123,-51.15423
30/mar,Pederneiras,49,51,0,0,0,-22.35167,-48.775
30/mar,Mirandópolis,80,20,0,0,0,-21.12459,-51.15123
30/mar,Piracicaba,37,36,8,0,19,-22.72528,-47.64917
30/mar,Pirapora do Bom Jesus,56,44,0,0,0,-23.37201,-46.97798
30/mar,Lençóis Paulista,40,33,3,0,24,-22.59861,-48.80028
30/mar,Vista Alegre do Alto,0,0,0,0,0,-21.18019,-48.65482
30/mar,Eldorado,0,0,0,0,0,-26.40843,-54.69463
30/mar,Serra Azul,0,0,0,0,0,-21.28755,-47.53885
30/mar,Santa Cruz da Conceição,0,0,0,0,0,-22.12608,-47.49276
30/mar,Taciba,0,0,0,0,0,-22.49676,-51.33241
30/mar,Morungaba,0,0,0,0,0,-22.88318,-46.78699
30/mar,Tapiratiba,0,0,0,0,0,-21.44656,-46.73214
30/mar,Cardoso,0,0,0,0,0,-13.43695,-42.10325
30/mar,Cananéia,0,0,0,0,0,-24.98104,-48.00093
30/mar,Ouroeste,0,0,0,0,0,-19.9376,-50.41455
30/mar,Potirendaba,0,0,0,0,0,-21.10737,-49.39808
30/mar,Euclides da Cunha Paulista,0,0,0,0,0,-22.5171,-52.59099
30/mar,Cristais Paulista,0,0,0,0,0,-20.36538,-47.373
30/mar,São Bento do Sapucaí,0,0,0,0,0,-22.67091,-45.68394
30/mar,Itajobi,0,0,0,0,0,-21.35516,-49.0569
30/mar,Cabrália Paulista,0,0,0,0,0,-22.49155,-49.38637
30/mar,Juquiá,0,0,0,0,0,-24.18961,-47.6354
30/mar,Corumbataí,0,0,0,0,0,-22.21698,-47.59961
30/mar,Campina do Monte Alegre,0,0,0,0,0,-23.61364,-48.45388
30/mar,Jaci,0,0,0,0,0,-20.94747,-49.57606
30/mar,Analândia,0,0,0,0,0,-22.12002,-47.68938
30/mar,Taiaçu,0,0,0,0,0,-21.13217,-48.53092
30/mar,Nhandeara,0,0,0,0,0,-20.66142,-50.05605
30/mar,Ribeirão Bonito,0,0,0,0,0,-22.03418,-48.18769
30/mar,Piquete,0,0,0,0,0,-22.61361,-45.17611
30/mar,Salesópolis,0,0,0,0,0,-23.58753,-45.84743
30/mar,Mirante do Paranapanema,0,0,0,0,0,-22.35109,-51.97126
30/mar,Bofete,0,0,0,0,0,-23.12244,-48.28058
30/mar,Echaporã,0,0,0,0,0,-22.4108,-50.18262
30/mar,Monte Castelo,0,0,0,0,0,-26.61655,-50.28851
30/mar,Santa Rita do Ribeira,0,0,0,0,0,-24.15139,-47.31667
30/mar,Anhembi,0,0,0,0,0,-22.83293,-48.16384
30/mar,Reginópolis,0,0,0,0,0,-21.87493,-49.19025
30/mar,Irapuru,0,0,0,0,0,-21.44903,-51.33959
30/mar,Patrocínio Paulista,0,0,0,0,0,-20.68707,-47.28437
30/mar,Ilha Comprida,0,0,0,0,0,-24.87792,-47.74757
30/mar,Parapuã,0,0,0,0,0,-21.84482,-50.8341
30/mar,Avaí,0,0,0,0,0,-22.17789,-49.30511
30/mar,Ouro Verde,0,0,0,0,0,-26.73257,-52.27153
30/mar,Quintana,0,0,0,0,0,19.66667,-88.25
30/mar,Auriflama,0,0,0,0,0,-20.68556,-50.55472
30/mar,Santa Cruz das Palmeiras,0,0,0,0,0,-21.82694,-47.24861
30/mar,Bady Bassitt,0,0,0,0,0,-20.91806,-49.44528
31/mar,Jambeiro,0,100,0,0,0,-23.28154,-45.71217
31/mar,Tambaú,32,68,0,0,0,-21.58688,-47.22761
31/mar,Fernão,0,100,0,0,0,-14.56257,40.68538
31/mar,Guará,0,100,0,0,0,-20.42833,-47.82417
31/mar,Mineiros do Tietê,0,100,0,0,0,-22.4486,-48.44074
31/mar,Itaberá,22,78,0,0,0,-23.86194,-49.13722
31/mar,Santa Rita do Passa Quatro,38,62,0,0,0,-21.71028,-47.47806
31/mar,Cerqueira César,39,61,0,0,0,-23.03556,-49.16611
31/mar,Juquitiba,69,31,0,0,0,-23.93167,-47.06833
31/mar,Juquiá,0,100,0,0,0,-24.18961,-47.6354
31/mar,Santo Anastácio,28,72,0,0,0,-22.01522,-51.70097
31/mar,Guareí,0,100,0,0,0,-23.37338,-48.22466
31/mar,Guaíra,26,74,0,0,0,-25.8,-56.26667
31/mar,Tarumã,86,14,0,0,0,-22.76111,-50.60332
31/mar,Serrana,57,34,0,0,9,-21.21139,-47.59556
31/mar,Biritiba-Mirim,58,42,0,0,0,-23.5725,-46.03861
31/mar,Cachoeira Paulista,46,54,0,0,0,-22.70115,-44.99229
31/mar,Álvares Machado,31,69,0,0,0,-22.14018,-51.50417
31/mar,Ouroeste,0,100,0,0,0,-19.9376,-50.41455
31/mar,Américo Brasiliense,61,39,0,0,0,-21.72444,-48.10167
31/mar,Guararema,54,46,0,0,0,-23.43419,-46.06086
31/mar,Valparaíso,38,62,0,0,0,-33.036,-71.62963
31/mar,Itararé,36,64,0,0,0,-24.1125,-49.33167
31/mar,Brodowski,29,71,0,0,0,-21.0506,-47.61728
31/mar,Tremembé,34,56,0,0,10,-22.95833,-45.54944
31/mar,Guariba,36,64,0,0,0,-21.39568,-48.20427
31/mar,Nova Odessa,28,57,0,0,15,-22.7775,-47.29583
31/mar,Bastos,48,52,0,0,0,-21.92194,-50.73389
31/mar,Igaraçu do Tietê,57,43,0,0,0,-22.50917,-48.55778
31/mar,Descalvado,47,53,0,0,0,-21.87915,-47.65919
31/mar,Jales,23,54,0,0,23,-20.26889,-50.54583
31/mar,Ubatuba,36,52,4,0,8,-23.43389,-45.07111
31/mar,Piracaia,53,47,0,0,0,-23.05389,-46.35806
31/mar,Cubatão,25,40,13,0,22,-23.895,-46.42528
31/mar,Cajamar,30,48,7,0,15,-23.35193,-46.88129
31/mar,Sertãozinho,24,50,5,0,21,-21.13778,-47.99028
31/mar,Fernandópolis,28,60,0,0,12,-20.28389,-50.24639
31/mar,Morro Agudo,45,55,0,0,0,-20.73139,-48.05778
31/mar,Piedade,40,60,0,0,0,-23.80789,-47.43506
31/mar,Pontal,56,44,0,0,0,-10.15333,-36.13472
31/mar,Pompéia,34,66,0,0,0,-22.04169,-50.20123
31/mar,Botucatu,25,49,5,0,21,-22.88583,-48.445
31/mar,Conchas,33,67,0,0,0,-23.01528,-48.01056
31/mar,Promissão,66,34,0,0,0,-21.53667,-49.85806
31/mar,Porto Feliz,29,51,0,0,20,-23.21472,-47.52389
31/mar,Santa Fé do Sul,47,53,0,0,0,-20.21111,-50.92583
31/mar,Guaratinguetá,31,41,13,0,15,-22.81639,-45.1925
31/mar,Lins,32,55,9,0,4,48.30639,14.28611
31/mar,Peruíbe,39,46,0,0,15,-24.32,-46.99833
31/mar,Novo Horizonte,56,44,0,0,0,-21.46806,-49.22083
31/mar,Itanhaém,32,39,14,0,15,-24.18306,-46.78889
31/mar,Jarinu,34,55,0,0,11,-23.10139,-46.72833
31/mar,Bady Bassitt,71,29,0,0,0,-20.91806,-49.44528
31/mar,Caieiras,32,36,6,0,26,-23.38134,-46.73815
31/mar,Itapeva,70,30,0,0,0,-23.94696,-48.83835
31/mar,Ilha Comprida,0,100,0,0,0,-24.87792,-47.74757
31/mar,São Vicente,27,44,8,<1,21,16.89014,-24.98042
31/mar,Mogi-Guaçu,30,44,6,0,20,-22.3677,-46.94552
31/mar,Itapira,37,48,0,0,15,-22.43611,-46.82167
31/mar,Pradópolis,0,100,0,0,0,-21.35944,-48.06556
31/mar,Castilho,100,0,0,0,0,-20.87222,-51.4875
31/mar,Hortolândia,35,42,7,0,16,-22.85833,-47.22
31/mar,Vinhedo,27,49,3,0,21,-23.02972,-46.97528
31/mar,Apiaí,81,19,0,0,0,-24.50944,-48.8425
31/mar,Arujá,28,45,7,0,20,-23.39611,-46.32083
31/mar,Socorro,36,41,0,0,23,-10.855,-37.12611
31/mar,Embu das Artes,39,25,11,0,25,-23.64889,-46.85222
31/mar,Paulínia,30,43,4,0,23,-22.76111,-47.15417
31/mar,Charqueada,39,61,0,0,0,-22.53724,-47.7377
31/mar,Pirajuí,71,29,0,0,0,-21.99861,-49.45722
31/mar,Mairiporã,46,32,0,0,22,-23.31861,-46.58667
31/mar,Itapecerica da Serra,37,29,10,0,24,-23.71694,-46.84917
31/mar,Bragança Paulista,29,46,8,0,17,-22.9527,-46.54418
31/mar,Jacareí,32,45,6,0,17,-23.30528,-45.96583
31/mar,Jardinópolis,41,50,0,0,9,-21.01778,-47.76389
31/mar,Vargem Grande do Sul,41,59,0,0,0,-21.83222,-46.89361
31/mar,Pariquera-Açu,42,58,0,0,0,-24.66388,-47.84553
31/mar,Poá,31,37,6,0,26,-23.52806,-46.34472
31/mar,Cravinhos,56,44,0,0,0,-21.34028,-47.72944
31/mar,Ibaté,41,59,0,0,0,-21.95472,-47.99667
31/mar,Osasco,29,42,7,1,21,-23.5325,-46.79167
31/mar,Cabreúva,52,35,0,0,13,-23.3075,-47.13278
31/mar,Pindamonhangaba,29,44,5,0,22,-22.92389,-45.46167
31/mar,Santa Rosa de Viterbo,39,61,0,0,0,5.88515,-73.01344
31/mar,Penápolis,34,50,0,0,16,-21.41972,-50.0775
31/mar,São Paulo,30,42,8,<1,20,-23.5475,-46.63611
31/mar,Pedreira,57,33,0,0,10,-22.75077,-46.89089
31/mar,Pederneiras,50,50,0,0,0,-22.35167,-48.775
31/mar,Buri,39,61,0,0,0,13.3622,100.98345
31/mar,Itatiba,29,41,10,0,20,-23.00583,-46.83889
31/mar,Carapicuíba,34,40,9,0,17,-23.52272,-46.835
31/mar,Bariri,47,53,0,0,0,-22.07444,-48.74028
31/mar,Cordeirópolis,59,41,0,0,0,-22.48194,-47.45667
31/mar,Mogi das Cruzes,40,32,8,<1,20,-23.52278,-46.18833
31/mar,Leme,29,44,10,0,17,-22.18556,-47.39028
31/mar,Tapiratiba,0,100,0,0,0,-21.44656,-46.73214
31/mar,Santo André,33,38,9,<1,20,-23.66389,-46.53833
31/mar,Rio das Pedras,49,51,0,0,0,-22.84082,-47.59724
31/mar,Avaré,35,42,5,0,18,-23.09861,-48.92583
31/mar,Suzano,37,32,9,0,22,-23.5425,-46.31083
31/mar,Serra Negra,57,43,0,0,0,-22.60767,-46.70322
31/mar,Limeira,34,41,10,0,15,-22.56472,-47.40167
31/mar,Brotas,59,41,0,0,0,-22.28417,-48.12667
31/mar,Itapevi,33,39,8,0,20,-23.54889,-46.93417
31/mar,Santa Cruz das Palmeiras,54,46,0,0,0,-21.82694,-47.24861
31/mar,Itupeva,41,30,12,0,17,-23.15306,-47.05778
31/mar,Araçoiaba da Serra,73,27,0,0,0,-23.50528,-47.61417
31/mar,Bauru,33,46,7,0,14,-22.31472,-49.06056
31/mar,Salto,29,41,12,0,18,-31.38333,-57.96667
31/mar,Mauá,30,38,7,1,24,-23.66778,-46.46139
31/mar,Sorocaba,33,39,10,<1,18,-23.50167,-47.45806
31/mar,Piquete,0,100,0,0,0,-22.61361,-45.17611
31/mar,Itaquaquecetuba,34,35,7,0,24,-23.48611,-46.34833
31/mar,Tanabi,68,32,0,0,0,-20.62639,-49.64917
31/mar,Barueri,32,39,9,<1,20,-23.51056,-46.87611
31/mar,Porto Ferreira,32,46,0,0,22,-21.85389,-47.47917
31/mar,Santa Cruz do Rio Pardo,36,49,0,0,15,-22.89889,-49.6325
31/mar,Ribeirão Pires,35,43,4,0,18,-23.71056,-46.41333
31/mar,São João da Boa Vista,32,37,9,0,22,-21.96917,-46.79806
31/mar,Cotia,29,41,8,0,22,-23.60389,-46.91917
31/mar,Valinhos,39,43,6,0,12,-22.97056,-46.99583
31/mar,Rio Grande da Serra,54,46,0,0,0,-23.73345,-46.37351
31/mar,Atibaia,32,39,4,0,25,-23.11694,-46.55028
31/mar,Jundiaí,31,39,9,0,21,-23.18639,-46.88417
31/mar,Bertioga,53,41,0,0,6,-23.85444,-46.13861
31/mar,Diadema,30,41,7,<1,22,-23.68611,-46.62278
31/mar,Birigui,36,45,10,0,9,-21.28861,-50.34
31/mar,Ibitinga,36,44,0,0,20,-21.75778,-48.82889
31/mar,Araçatuba,38,38,11,0,13,-21.20889,-50.43278
31/mar,Praia Grande,31,38,7,<1,24,-24.00583,-46.40278
31/mar,São Bernardo do Campo,33,37,9,<1,21,-23.69389,-46.565
31/mar,Cunha,62,38,0,0,0,-37.11284,-12.28343
31/mar,Franca,31,41,8,0,20,46.0,2.0
31/mar,Divinolândia,60,40,0,0,0,-21.66459,-46.7045
31/mar,Campinas,31,40,8,<1,21,-22.90556,-47.06083
31/mar,São José dos Campos,32,38,9,<1,21,-23.17944,-45.88694
31/mar,Campo Limpo Paulista,36,39,9,0,16,-23.21599,-46.75842
31/mar,Francisco Morato,29,39,5,0,27,-23.28167,-46.74528
31/mar,Franco da Rocha,38,28,12,0,22,-23.32167,-46.72694
31/mar,Taboão da Serra,42,35,0,0,23,-23.62611,-46.79167
31/mar,Embu-Guaçu,42,36,16,0,6,-23.83222,-46.81139
31/mar,São Simão,49,51,0,0,0,-21.47917,-47.55083
31/mar,Regente Feijó,50,50,0,0,0,-22.22139,-51.30278
31/mar,Patrocínio Paulista,0,100,0,0,0,-20.68707,-47.28437
31/mar,Sao Miguel Arcanjo,0,100,0,0,0,15.19327,-23.63913
31/mar,Sumaré,32,35,9,0,24,-22.82194,-47.26694
31/mar,Araras,40,34,8,0,18,-22.35694,-47.38417
31/mar,Bebedouro,40,32,5,0,23,-20.94944,-48.47917
31/mar,Várzea Paulista,36,22,15,0,27,-23.21139,-46.82833
31/mar,São Manuel,50,50,0,0,0,-22.73111,-48.57056
31/mar,São Caetano do Sul,35,28,11,0,26,-23.62306,-46.55111
31/mar,Jaguariúna,40,45,0,0,15,-22.69473,-47.01728
31/mar,Rio Claro,38,38,5,0,19,10.30594,-61.17556
31/mar,Cajuru,70,30,0,0,0,-21.27528,-47.30417
31/mar,Santo Antônio de Posse,49,51,0,0,0,-22.60438,-46.94759
31/mar,Ilha Solteira,55,45,0,0,0,-20.35123,-51.15423
31/mar,Colina,50,50,0,0,0,22.18306,113.53194
31/mar,Amparo,41,42,0,0,17,-22.70845,-46.80148
31/mar,Itaóca,0,0,0,0,0,-24.61155,-48.8439
31/mar,Taguaí,0,0,0,0,0,-23.48512,-49.40781
31/mar,Itariri,0,0,0,0,0,-24.2888,-47.13325
31/mar,Areiópolis,0,0,0,0,0,-22.60627,-48.65273
31/mar,Pereiras,0,0,0,0,0,-23.1215,-47.97614
31/mar,Ribeirão do Sul,0,0,0,0,0,-22.74112,-49.94632
31/mar,Barra do Chapéu,0,0,0,0,0,-24.44047,-49.08615
31/mar,São Lourenço da Serra,0,0,0,0,0,-23.84783,-46.9393
31/mar,Eldorado,0,0,0,0,0,-26.40843,-54.69463
31/mar,Pedregulho,0,0,0,0,0,-20.25694,-47.47667
31/mar,Morungaba,0,0,0,0,0,-22.88318,-46.78699
31/mar,Borborema,0,0,0,0,0,-21.61972,-49.07361
31/mar,São Bento do Sapucaí,0,0,0,0,0,-22.67091,-45.68394
31/mar,Flórida Paulista,0,0,0,0,0,-21.54193,-51.18066
31/mar,Itobi,0,0,0,0,0,-21.74902,-46.93051
31/mar,Jacupiranga,0,0,0,0,0,-24.6925,-48.00222
31/mar,Potirendaba,0,0,0,0,0,-21.10737,-49.39808
31/mar,Inúbia Paulista,0,0,0,0,0,-21.72002,-50.94738
31/mar,Corumbataí,0,0,0,0,0,-22.21698,-47.59961
31/mar,Lucélia,0,0,0,0,0,-21.72028,-51.01889
31/mar,Cabrália Paulista,0,0,0,0,0,-22.49155,-49.38637
31/mar,Buritizal,0,0,0,0,0,-20.21345,-47.70776
31/mar,Tupi Paulista,0,0,0,0,0,-21.38111,-51.57056
31/mar,Taiaçu,0,0,0,0,0,-21.13217,-48.53092
31/mar,Caconde,0,0,0,0,0,-21.5415,-46.62252
31/mar,Maracaí,0,0,0,0,0,-22.61056,-50.66722
31/mar,Manduri,0,0,0,0,0,-23.05388,-49.30262
31/mar,Angatuba,0,0,0,0,0,-23.48972,-48.41278
31/mar,Pedra Bela,0,0,0,0,0,-22.76397,-46.43708
31/mar,Santa Rita do Ribeira,0,0,0,0,0,-24.15139,-47.31667
31/mar,Palmeira D'Oeste,0,0,0,0,0,-20.45046,-50.75181
31/mar,Cananéia,0,0,0,0,0,-24.98104,-48.00093
31/mar,Pirapora do Bom Jesus,0,0,0,0,0,-23.37201,-46.97798
31/mar,Buritama,0,0,0,0,0,-21.06611,-50.14722
31/mar,Cristais Paulista,0,0,0,0,0,-20.36538,-47.373
31/mar,Quatá,0,0,0,0,0,-22.21146,-50.64957
31/mar,Vista Alegre do Alto,0,0,0,0,0,-21.18019,-48.65482
31/mar,Pedro de Toledo,0,0,0,0,0,-24.1702,-47.17239
31/mar,Euclides da Cunha Paulista,0,0,0,0,0,-22.5171,-52.59099
31/mar,Jaci,0,0,0,0,0,-20.94747,-49.57606
31/mar,Potim,0,0,0,0,0,-22.82497,-45.30614
31/mar,Barão de Antonina,0,0,0,0,0,-23.57097,-49.5666